season,game_id,home_team,away_team,home_score,away_score,home_win,home_field_goal_pct,away_field_goal_pct,home_three_pct,away_three_pct,total_shots
2023,2023_ATL_BOS,ATL,BOS,42,52,False,0.18627450980392157,0.2987012987012987,0.12121212121212122,0.2,179
2023,2023_ATL_BOS,ATL,BOS,48,40,True,0.21428571428571427,0.21428571428571427,0.20689655172413793,0.14285714285714285,182
2023,2023_ATL_BKN,ATL,BKN,52,26,True,0.24742268041237114,0.19047619047619047,0.14814814814814814,0.11764705882352941,160
2023,2023_ATL_BKN,ATL,BKN,42,27,True,0.19148936170212766,0.14634146341463414,0.16216216216216217,0.1,176
2023,2023_ATL_CHA,ATL,CHA,63,39,True,0.25892857142857145,0.21052631578947367,0.14285714285714285,0.23333333333333334,188
2023,2023_ATL_CHA,ATL,CHA,61,39,True,0.2571428571428571,0.18681318681318682,0.18421052631578946,0.16129032258064516,196
2023,2023_ATL_CHI,ATL,CHI,42,46,False,0.1978021978021978,0.2235294117647059,0.18181818181818182,0.22857142857142856,176
2023,2023_ATL_CHI,ATL,CHI,56,50,True,0.25773195876288657,0.21875,0.20689655172413793,0.2,193
2023,2023_ATL_CLE,ATL,CLE,51,54,False,0.2222222222222222,0.25773195876288657,0.2,0.11764705882352941,196
2023,2023_ATL_CLE,ATL,CLE,64,42,True,0.2653061224489796,0.2159090909090909,0.3076923076923077,0.16666666666666666,186
2023,2023_ATL_DAL,ATL,DAL,59,50,True,0.2604166666666667,0.2891566265060241,0.25,0.05555555555555555,179
2023,2023_ATL_DAL,ATL,DAL,40,61,False,0.17757009345794392,0.3023255813953488,0.06896551724137931,0.2647058823529412,193
2023,2023_ATL_DEN,ATL,DEN,59,58,True,0.21818181818181817,0.3132530120481928,0.2894736842105263,0.2857142857142857,193
2023,2023_ATL_DEN,ATL,DEN,33,30,True,0.16470588235294117,0.14606741573033707,0.21739130434782608,0.125,174
2023,2023_ATL_DET,ATL,DET,56,29,True,0.2222222222222222,0.14606741573033707,0.18604651162790697,0.08823529411764706,197
2023,2023_ATL_DET,ATL,DET,60,45,True,0.2524271844660194,0.2222222222222222,0.21621621621621623,0.16129032258064516,193
2023,2023_ATL_GSW,ATL,GSW,42,44,False,0.1553398058252427,0.23255813953488372,0.23809523809523808,0.11428571428571428,189
2023,2023_ATL_GSW,ATL,GSW,45,45,False,0.18627450980392157,0.22988505747126436,0.1794871794871795,0.15151515151515152,189
2023,2023_ATL_HOU,ATL,HOU,46,41,True,0.27631578947368424,0.2,0.13333333333333333,0.14285714285714285,166
2023,2023_ATL_HOU,ATL,HOU,58,35,True,0.25742574257425743,0.21052631578947367,0.15789473684210525,0.1111111111111111,177
2023,2023_ATL_IND,ATL,IND,55,40,True,0.25,0.23684210526315788,0.25,0.21052631578947367,168
2023,2023_ATL_IND,ATL,IND,35,42,False,0.17391304347826086,0.18681318681318682,0.0967741935483871,0.18181818181818182,183
2023,2023_ATL_LAC,ATL,LAC,42,40,True,0.2159090909090909,0.1935483870967742,0.16666666666666666,0.16,181
2023,2023_ATL_LAC,ATL,LAC,31,41,False,0.16279069767441862,0.2159090909090909,0.09375,0.0967741935483871,174
2023,2023_ATL_LAL,ATL,LAL,42,69,False,0.2111111111111111,0.30927835051546393,0.14814814814814814,0.2571428571428571,187
2023,2023_ATL_LAL,ATL,LAL,46,46,False,0.24444444444444444,0.23255813953488372,0.1111111111111111,0.1935483870967742,176
2023,2023_ATL_MEM,ATL,MEM,75,34,True,0.3055555555555556,0.1927710843373494,0.2571428571428571,0.1,191
2023,2023_ATL_MEM,ATL,MEM,56,36,True,0.24242424242424243,0.18604651162790697,0.17391304347826086,0.11428571428571428,185
2023,2023_ATL_MIA,ATL,MIA,45,47,False,0.2235294117647059,0.2268041237113402,0.25925925925925924,0.10344827586206896,182
2023,2023_ATL_MIA,ATL,MIA,59,36,True,0.3023255813953488,0.2,0.2916666666666667,0.14285714285714285,166
2023,2023_ATL_MIL,ATL,MIL,46,47,False,0.20388349514563106,0.22105263157894736,0.12121212121212122,0.14705882352941177,198
2023,2023_ATL_MIL,ATL,MIL,59,37,True,0.2604166666666667,0.1827956989247312,0.24324324324324326,0.08571428571428572,189
2023,2023_ATL_MIN,ATL,MIN,45,45,False,0.21212121212121213,0.2159090909090909,0.09090909090909091,0.21875,187
2023,2023_ATL_MIN,ATL,MIN,40,46,False,0.1875,0.26666666666666666,0.12903225806451613,0.20689655172413793,171
2023,2023_ATL_NOP,ATL,NOP,49,42,True,0.2857142857142857,0.18947368421052632,0.22727272727272727,0.15789473684210525,172
2023,2023_ATL_NOP,ATL,NOP,39,41,False,0.20689655172413793,0.2602739726027397,0.15,0.14285714285714285,160
2023,2023_ATL_NYK,ATL,NYK,43,54,False,0.21348314606741572,0.2926829268292683,0.14705882352941177,0.2727272727272727,171
2023,2023_ATL_NYK,ATL,NYK,51,43,True,0.23,0.18556701030927836,0.1388888888888889,0.19444444444444445,197
2023,2023_ATL_OKC,ATL,OKC,66,36,True,0.2871287128712871,0.16666666666666666,0.25,0.18181818181818182,191
2023,2023_ATL_OKC,ATL,OKC,40,53,False,0.19318181818181818,0.25,0.1935483870967742,0.17857142857142858,184
2023,2023_ATL_ORL,ATL,ORL,29,49,False,0.15294117647058825,0.27848101265822783,0.08823529411764706,0.3125,164
2023,2023_ATL_ORL,ATL,ORL,51,41,True,0.24731182795698925,0.2159090909090909,0.15625,0.1,181
2023,2023_ATL_PHI,ATL,PHI,48,48,False,0.26506024096385544,0.2558139534883721,0.18181818181818182,0.11764705882352941,169
2023,2023_ATL_PHI,ATL,PHI,45,34,True,0.2345679012345679,0.1951219512195122,0.20588235294117646,0.06896551724137931,163
2023,2023_ATL_PHX,ATL,PHX,75,45,True,0.3269230769230769,0.2597402597402597,0.1891891891891892,0.18518518518518517,181
2023,2023_ATL_PHX,ATL,PHX,51,52,False,0.26506024096385544,0.20909090909090908,0.22580645161290322,0.15789473684210525,193
2023,2023_ATL_POR,ATL,POR,45,47,False,0.18867924528301888,0.26582278481012656,0.125,0.25,185
2023,2023_ATL_POR,ATL,POR,31,42,False,0.20833333333333334,0.2159090909090909,0.03125,0.13793103448275862,160
2023,2023_ATL_SAC,ATL,SAC,51,43,True,0.21100917431192662,0.23170731707317074,0.125,0.16666666666666666,191
2023,2023_ATL_SAC,ATL,SAC,63,27,True,0.23008849557522124,0.15,0.25,0.0967741935483871,193
2023,2023_ATL_SAS,ATL,SAS,54,40,True,0.24468085106382978,0.18556701030927836,0.22857142857142856,0.125,191
2023,2023_ATL_SAS,ATL,SAS,51,58,False,0.2169811320754717,0.2840909090909091,0.1388888888888889,0.25,194
2023,2023_ATL_TOR,ATL,TOR,48,38,True,0.21739130434782608,0.19230769230769232,0.2222222222222222,0.2857142857142857,170
2023,2023_ATL_TOR,ATL,TOR,51,60,False,0.21568627450980393,0.30120481927710846,0.21875,0.37037037037037035,185
2023,2023_ATL_UTA,ATL,UTA,43,40,True,0.21176470588235294,0.23376623376623376,0.22580645161290322,0.13333333333333333,162
2023,2023_ATL_UTA,ATL,UTA,42,37,True,0.21518987341772153,0.19047619047619047,0.25,0.19230769230769232,163
2023,2023_ATL_WAS,ATL,WAS,60,30,True,0.23275862068965517,0.1728395061728395,0.16216216216216217,0.06060606060606061,197
2023,2023_ATL_WAS,ATL,WAS,71,43,True,0.2830188679245283,0.24691358024691357,0.2391304347826087,0.09375,187
2023,2023_BOS_BKN,BOS,BKN,67,41,True,0.3163265306122449,0.21176470588235294,0.18518518518518517,0.1724137931034483,183
2023,2023_BOS_BKN,BOS,BKN,49,37,True,0.21875,0.17894736842105263,0.20588235294117646,0.10714285714285714,191
2023,2023_BOS_CHA,BOS,CHA,40,45,False,0.20987654320987653,0.2235294117647059,0.15384615384615385,0.21212121212121213,166
2023,2023_BOS_CHA,BOS,CHA,59,30,True,0.23853211009174313,0.13793103448275862,0.16279069767441862,0.17647058823529413,196
2023,2023_BOS_CHI,BOS,CHI,61,37,True,0.2727272727272727,0.1927710843373494,0.16666666666666666,0.1724137931034483,182
2023,2023_BOS_CHI,BOS,CHI,60,37,True,0.32926829268292684,0.1702127659574468,0.20689655172413793,0.13157894736842105,176
2023,2023_BOS_CLE,BOS,CLE,63,28,True,0.3146067415730337,0.16666666666666666,0.25925925925925924,0.06060606060606061,167
2023,2023_BOS_CLE,BOS,CLE,45,19,True,0.2159090909090909,0.11538461538461539,0.22580645161290322,0.038461538461538464,166
2023,2023_BOS_DAL,BOS,DAL,70,54,True,0.3,0.24242424242424243,0.2631578947368421,0.15789473684210525,199
2023,2023_BOS_DAL,BOS,DAL,48,51,False,0.22916666666666666,0.27906976744186046,0.15384615384615385,0.10714285714285714,182
2023,2023_BOS_DEN,BOS,DEN,62,60,True,0.35,0.3132530120481928,0.2608695652173913,0.42105263157894735,163
2023,2023_BOS_DEN,BOS,DEN,37,42,False,0.18085106382978725,0.2111111111111111,0.08333333333333333,0.12121212121212122,184
2023,2023_BOS_DET,BOS,DET,59,26,True,0.2549019607843137,0.16901408450704225,0.22580645161290322,0.06896551724137931,173
2023,2023_BOS_DET,BOS,DET,82,35,True,0.391304347826087,0.15841584158415842,0.35714285714285715,0.10714285714285714,193
2023,2023_BOS_GSW,BOS,GSW,26,39,False,0.1348314606741573,0.2191780821917808,0.07692307692307693,0.2916666666666667,162
2023,2023_BOS_GSW,BOS,GSW,70,56,True,0.32978723404255317,0.25742574257425743,0.26666666666666666,0.11428571428571428,195
2023,2023_BOS_HOU,BOS,HOU,46,31,True,0.18269230769230768,0.18421052631578946,0.1951219512195122,0.11538461538461539,180
2023,2023_BOS_HOU,BOS,HOU,38,35,True,0.17647058823529413,0.17582417582417584,0.23529411764705882,0.125,176
2023,2023_BOS_IND,BOS,IND,33,50,False,0.1724137931034483,0.23157894736842105,0.11538461538461539,0.17647058823529413,182
2023,2023_BOS_IND,BOS,IND,45,45,False,0.25301204819277107,0.17647058823529413,0.17647058823529413,0.23684210526315788,185
2023,2023_BOS_LAC,BOS,LAC,56,43,True,0.24509803921568626,0.24358974358974358,0.15384615384615385,0.17857142857142858,180
2023,2023_BOS_LAC,BOS,LAC,70,52,True,0.32978723404255317,0.25842696629213485,0.26666666666666666,0.1935483870967742,183
2023,2023_BOS_LAL,BOS,LAL,57,31,True,0.23809523809523808,0.18309859154929578,0.25,0.19230769230769232,176
2023,2023_BOS_LAL,BOS,LAL,62,38,True,0.2872340425531915,0.16666666666666666,0.19047619047619047,0.09523809523809523,196
2023,2023_BOS_MEM,BOS,MEM,53,50,True,0.24489795918367346,0.2625,0.11627906976744186,0.27586206896551724,178
2023,2023_BOS_MEM,BOS,MEM,60,26,True,0.24299065420560748,0.13414634146341464,0.18181818181818182,0.11428571428571428,189
2023,2023_BOS_MIA,BOS,MIA,52,51,True,0.23,0.2619047619047619,0.17647058823529413,0.30434782608695654,184
2023,2023_BOS_MIA,BOS,MIA,82,45,True,0.3655913978494624,0.24675324675324675,0.3888888888888889,0.2916666666666667,170
2023,2023_BOS_MIL,BOS,MIL,37,43,False,0.17045454545454544,0.25,0.21212121212121213,0.2,164
2023,2023_BOS_MIL,BOS,MIL,27,70,False,0.15,0.2871287128712871,0.1,0.2926829268292683,181
2023,2023_BOS_MIN,BOS,MIN,60,32,True,0.2826086956521739,0.18292682926829268,0.22857142857142856,0.07407407407407407,174
2023,2023_BOS_MIN,BOS,MIN,50,37,True,0.1891891891891892,0.21428571428571427,0.16666666666666666,0.05,195
2023,2023_BOS_NOP,BOS,NOP,58,39,True,0.27472527472527475,0.17,0.22857142857142856,0.13513513513513514,191
2023,2023_BOS_NOP,BOS,NOP,45,40,True,0.23529411764705882,0.21951219512195122,0.1724137931034483,0.12903225806451613,167
2023,2023_BOS_NYK,BOS,NYK,45,54,False,0.22105263157894736,0.26595744680851063,0.09090909090909091,0.15384615384615385,189
2023,2023_BOS_NYK,BOS,NYK,53,53,False,0.27586206896551724,0.21153846153846154,0.19230769230769232,0.21428571428571427,191
2023,2023_BOS_OKC,BOS,OKC,82,49,True,0.4090909090909091,0.25,0.3333333333333333,0.25,172
2023,2023_BOS_OKC,BOS,OKC,71,37,True,0.33695652173913043,0.15841584158415842,0.28125,0.125,193
2023,2023_BOS_ORL,BOS,ORL,48,28,True,0.25301204819277107,0.16049382716049382,0.18181818181818182,0.07142857142857142,164
2023,2023_BOS_ORL,BOS,ORL,47,36,True,0.2413793103448276,0.14423076923076922,0.18518518518518517,0.14634146341463414,191
2023,2023_BOS_PHI,BOS,PHI,51,33,True,0.22105263157894736,0.1724137931034483,0.20930232558139536,0.11538461538461539,182
2023,2023_BOS_PHI,BOS,PHI,47,39,True,0.2727272727272727,0.19767441860465115,0.25,0.1724137931034483,163
2023,2023_BOS_PHX,BOS,PHX,60,54,True,0.28421052631578947,0.2777777777777778,0.20689655172413793,0.12903225806451613,185
2023,2023_BOS_PHX,BOS,PHX,44,51,False,0.24691358024691357,0.22340425531914893,0.15384615384615385,0.2647058823529412,175
2023,2023_BOS_POR,BOS,POR,62,35,True,0.2641509433962264,0.17391304347826086,0.1875,0.1111111111111111,198
2023,2023_BOS_POR,BOS,POR,58,47,True,0.24299065420560748,0.23255813953488372,0.16666666666666666,0.2413793103448276,193
2023,2023_BOS_SAC,BOS,SAC,60,46,True,0.31868131868131866,0.2676056338028169,0.07692307692307693,0.3076923076923077,162
2023,2023_BOS_SAC,BOS,SAC,67,46,True,0.31521739130434784,0.22826086956521738,0.2647058823529412,0.11764705882352941,184
2023,2023_BOS_SAS,BOS,SAS,39,37,True,0.25,0.18888888888888888,0.041666666666666664,0.10344827586206896,166
2023,2023_BOS_SAS,BOS,SAS,38,29,True,0.1927710843373494,0.1375,0.16216216216216217,0.1891891891891892,163
2023,2023_BOS_TOR,BOS,TOR,63,46,True,0.32222222222222224,0.20833333333333334,0.17857142857142858,0.18181818181818182,186
2023,2023_BOS_TOR,BOS,TOR,36,35,True,0.19753086419753085,0.1414141414141414,0.125,0.17073170731707318,180
2023,2023_BOS_UTA,BOS,UTA,56,26,True,0.2826086956521739,0.15584415584415584,0.13333333333333333,0.10526315789473684,169
2023,2023_BOS_UTA,BOS,UTA,80,33,True,0.35051546391752575,0.16666666666666666,0.3870967741935484,0.15151515151515152,181
2023,2023_BOS_WAS,BOS,WAS,34,36,False,0.19480519480519481,0.1724137931034483,0.23529411764705882,0.16216216216216217,164
2023,2023_BOS_WAS,BOS,WAS,50,44,True,0.2857142857142857,0.2127659574468085,0.24,0.125,171
2023,2023_BKN_CHA,BKN,CHA,60,24,True,0.2358490566037736,0.13253012048192772,0.30303030303030304,0.06666666666666667,189
2023,2023_BKN_CHA,BKN,CHA,53,44,True,0.23076923076923078,0.21978021978021978,0.1282051282051282,0.125,195
2023,2023_BKN_CHI,BKN,CHI,54,50,True,0.25842696629213485,0.25287356321839083,0.2222222222222222,0.1935483870967742,176
2023,2023_BKN_CHI,BKN,CHI,35,54,False,0.14563106796116504,0.23655913978494625,0.125,0.2564102564102564,196
2023,2023_BKN_CLE,BKN,CLE,43,45,False,0.18947368421052632,0.24390243902439024,0.19444444444444445,0.14285714285714285,177
2023,2023_BKN_CLE,BKN,CLE,42,41,True,0.1935483870967742,0.21686746987951808,0.17142857142857143,0.17857142857142858,176
2023,2023_BKN_DAL,BKN,DAL,40,48,False,0.20454545454545456,0.23333333333333334,0.14814814814814814,0.16666666666666666,178
2023,2023_BKN_DAL,BKN,DAL,30,51,False,0.16091954022988506,0.23232323232323232,0.06896551724137931,0.14705882352941177,186
2023,2023_BKN_DEN,BKN,DEN,50,48,True,0.21649484536082475,0.2222222222222222,0.21621621621621623,0.1,196
2023,2023_BKN_DEN,BKN,DEN,30,57,False,0.13186813186813187,0.2777777777777778,0.15789473684210525,0.2692307692307692,181
2023,2023_BKN_DET,BKN,DET,55,31,True,0.2727272727272727,0.16853932584269662,0.2413793103448276,0.03333333333333333,177
2023,2023_BKN_DET,BKN,DET,43,21,True,0.21951219512195122,0.1,0.20588235294117646,0.14285714285714285,162
2023,2023_BKN_GSW,BKN,GSW,49,37,True,0.2222222222222222,0.2,0.14705882352941177,0.16666666666666666,179
2023,2023_BKN_GSW,BKN,GSW,55,42,True,0.2268041237113402,0.2127659574468085,0.2894736842105263,0.07692307692307693,191
2023,2023_BKN_HOU,BKN,HOU,51,28,True,0.2839506172839506,0.16049382716049382,0.21739130434782608,0.06666666666666667,162
2023,2023_BKN_HOU,BKN,HOU,24,32,False,0.10869565217391304,0.15053763440860216,0.10526315789473684,0.11428571428571428,185
2023,2023_BKN_IND,BKN,IND,33,60,False,0.13829787234042554,0.25742574257425743,0.2,0.25806451612903225,195
2023,2023_BKN_IND,BKN,IND,43,28,True,0.20430107526881722,0.16176470588235295,0.16129032258064516,0.21428571428571427,161
2023,2023_BKN_LAC,BKN,LAC,42,51,False,0.17272727272727273,0.2682926829268293,0.14285714285714285,0.2413793103448276,192
2023,2023_BKN_LAC,BKN,LAC,31,30,True,0.1368421052631579,0.2153846153846154,0.12195121951219512,0.08,160
2023,2023_BKN_LAL,BKN,LAL,31,42,False,0.13829787234042554,0.225,0.13513513513513514,0.17647058823529413,174
2023,2023_BKN_LAL,BKN,LAL,38,43,False,0.1927710843373494,0.18018018018018017,0.1875,0.0967741935483871,194
2023,2023_BKN_MEM,BKN,MEM,48,49,False,0.2222222222222222,0.23655913978494625,0.125,0.16129032258064516,192
2023,2023_BKN_MEM,BKN,MEM,38,40,False,0.1568627450980392,0.19148936170212766,0.15,0.12903225806451613,196
2023,2023_BKN_MIA,BKN,MIA,34,54,False,0.16483516483516483,0.2717391304347826,0.09302325581395349,0.14285714285714285,183
2023,2023_BKN_MIA,BKN,MIA,66,67,False,0.25688073394495414,0.32142857142857145,0.22727272727272727,0.3333333333333333,193
2023,2023_BKN_MIL,BKN,MIL,36,38,False,0.18604651162790697,0.21518987341772153,0.18181818181818182,0.23529411764705882,165
2023,2023_BKN_MIL,BKN,MIL,27,38,False,0.14285714285714285,0.20987654320987653,0.10714285714285714,0.13793103448275862,165
2023,2023_BKN_MIN,BKN,MIN,37,49,False,0.1827956989247312,0.22105263157894736,0.1111111111111111,0.22580645161290322,188
2023,2023_BKN_MIN,BKN,MIN,31,39,False,0.1346153846153846,0.26865671641791045,0.08333333333333333,0.11538461538461539,171
2023,2023_BKN_NOP,BKN,NOP,44,34,True,0.19791666666666666,0.1797752808988764,0.20689655172413793,0.08,185
2023,2023_BKN_NOP,BKN,NOP,46,39,True,0.2441860465116279,0.18947368421052632,0.14814814814814814,0.10344827586206896,181
2023,2023_BKN_NYK,BKN,NYK,50,34,True,0.2268041237113402,0.17582417582417584,0.18181818181818182,0.0625,188
2023,2023_BKN_NYK,BKN,NYK,35,47,False,0.15625,0.1941747572815534,0.16129032258064516,0.16279069767441862,199
2023,2023_BKN_OKC,BKN,OKC,47,22,True,0.2222222222222222,0.11494252873563218,0.08571428571428572,0.05555555555555555,186
2023,2023_BKN_OKC,BKN,OKC,23,42,False,0.1506849315068493,0.17647058823529413,0.034482758620689655,0.16666666666666666,175
2023,2023_BKN_ORL,BKN,ORL,43,24,True,0.19801980198019803,0.11494252873563218,0.09375,0.12903225806451613,188
2023,2023_BKN_ORL,BKN,ORL,23,43,False,0.11494252873563218,0.1978021978021978,0.1,0.25,178
2023,2023_BKN_PHI,BKN,PHI,43,47,False,0.21348314606741572,0.25,0.14285714285714285,0.21212121212121213,169
2023,2023_BKN_PHI,BKN,PHI,36,37,False,0.18072289156626506,0.20930232558139536,0.16666666666666666,0.041666666666666664,169
2023,2023_BKN_PHX,BKN,PHX,51,55,False,0.22916666666666666,0.2631578947368421,0.1891891891891892,0.2,191
2023,2023_BKN_PHX,BKN,PHX,45,61,False,0.22727272727272727,0.32558139534883723,0.19230769230769232,0.2,174
2023,2023_BKN_POR,BKN,POR,45,58,False,0.16363636363636364,0.3333333333333333,0.19148936170212766,0.2727272727272727,188
2023,2023_BKN_POR,BKN,POR,41,50,False,0.20454545454545456,0.24731182795698925,0.1724137931034483,0.14814814814814814,181
2023,2023_BKN_SAC,BKN,SAC,48,36,True,0.2413793103448276,0.2125,0.2,0.06896551724137931,167
2023,2023_BKN_SAC,BKN,SAC,34,30,True,0.1590909090909091,0.1917808219178082,0.15384615384615385,0.09090909090909091,161
2023,2023_BKN_SAS,BKN,SAS,39,40,False,0.1956521739130435,0.23943661971830985,0.1,0.3,163
2023,2023_BKN_SAS,BKN,SAS,69,32,True,0.31,0.15789473684210525,0.18421052631578946,0.07142857142857142,195
2023,2023_BKN_TOR,BKN,TOR,33,23,True,0.15384615384615385,0.13414634146341464,0.14285714285714285,0.03225806451612903,173
2023,2023_BKN_TOR,BKN,TOR,36,32,True,0.1827956989247312,0.16666666666666666,0.07407407407407407,0.12121212121212122,177
2023,2023_BKN_UTA,BKN,UTA,32,36,False,0.1590909090909091,0.21052631578947367,0.11428571428571428,0.13793103448275862,164
2023,2023_BKN_UTA,BKN,UTA,39,38,True,0.19148936170212766,0.24285714285714285,0.09090909090909091,0.19047619047619047,164
2023,2023_BKN_WAS,BKN,WAS,44,41,True,0.20430107526881722,0.17708333333333334,0.17142857142857143,0.1794871794871795,189
2023,2023_BKN_WAS,BKN,WAS,48,34,True,0.25,0.16666666666666666,0.24242424242424243,0.17647058823529413,164
2023,2023_CHA_CHI,CHA,CHI,41,40,True,0.20224719101123595,0.18478260869565216,0.16129032258064516,0.15789473684210525,181
2023,2023_CHA_CHI,CHA,CHI,58,45,True,0.3170731707317073,0.20212765957446807,0.2222222222222222,0.20588235294117646,176
2023,2023_CHA_CLE,CHA,CLE,27,39,False,0.14606741573033707,0.19101123595505617,0.034482758620689655,0.1724137931034483,178
2023,2023_CHA_CLE,CHA,CLE,48,42,True,0.21875,0.2753623188405797,0.1875,0.2,165
2023,2023_CHA_DAL,CHA,DAL,50,35,True,0.26744186046511625,0.18604651162790697,0.15384615384615385,0.11538461538461539,172
2023,2023_CHA_DAL,CHA,DAL,41,49,False,0.20212765957446807,0.23232323232323232,0.1111111111111111,0.0967741935483871,193
2023,2023_CHA_DEN,CHA,DEN,33,53,False,0.1485148514851485,0.23655913978494625,0.09375,0.2571428571428571,194
2023,2023_CHA_DEN,CHA,DEN,37,54,False,0.17142857142857143,0.2558139534883721,0.034482758620689655,0.3448275862068966,191
2023,2023_CHA_DET,CHA,DET,52,34,True,0.2808988764044944,0.17073170731707318,0.08695652173913043,0.25,171
2023,2023_CHA_DET,CHA,DET,63,48,True,0.27184466019417475,0.25,0.2,0.24242424242424243,183
2023,2023_CHA_GSW,CHA,GSW,45,44,True,0.2127659574468085,0.1875,0.17857142857142858,0.23529411764705882,190
2023,2023_CHA_GSW,CHA,GSW,31,44,False,0.16279069767441862,0.2597402597402597,0.09090909090909091,0.13793103448275862,163
2023,2023_CHA_HOU,CHA,HOU,63,53,True,0.2857142857142857,0.23595505617977527,0.22580645161290322,0.3055555555555556,187
2023,2023_CHA_HOU,CHA,HOU,45,35,True,0.20202020202020202,0.15151515151515152,0.13513513513513514,0.18518518518518517,198
2023,2023_CHA_IND,CHA,IND,51,46,True,0.22448979591836735,0.22340425531914893,0.25,0.14285714285714285,192
2023,2023_CHA_IND,CHA,IND,52,37,True,0.23404255319148937,0.2222222222222222,0.18181818181818182,0.21739130434782608,166
2023,2023_CHA_LAC,CHA,LAC,60,44,True,0.25252525252525254,0.19791666666666666,0.2631578947368421,0.18181818181818182,195
2023,2023_CHA_LAC,CHA,LAC,31,49,False,0.15853658536585366,0.2875,0.16666666666666666,0.12,162
2023,2023_CHA_LAL,CHA,LAL,41,38,True,0.21428571428571427,0.21794871794871795,0.15625,0.15384615384615385,162
2023,2023_CHA_LAL,CHA,LAL,54,34,True,0.21904761904761905,0.19718309859154928,0.2857142857142857,0.21428571428571427,176
2023,2023_CHA_MEM,CHA,MEM,50,38,True,0.22115384615384615,0.16842105263157894,0.11428571428571428,0.16666666666666666,199
2023,2023_CHA_MEM,CHA,MEM,31,60,False,0.16091954022988506,0.30952380952380953,0.0967741935483871,0.24242424242424243,171
2023,2023_CHA_MIA,CHA,MIA,38,64,False,0.16037735849056603,0.3010752688172043,0.11764705882352941,0.25806451612903225,199
2023,2023_CHA_MIA,CHA,MIA,50,37,True,0.2037037037037037,0.18604651162790697,0.15384615384615385,0.18518518518518517,194
2023,2023_CHA_MIL,CHA,MIL,38,65,False,0.16666666666666666,0.2916666666666667,0.25,0.23684210526315788,186
2023,2023_CHA_MIL,CHA,MIL,50,64,False,0.22448979591836735,0.27,0.2,0.2222222222222222,198
2023,2023_CHA_MIN,CHA,MIN,35,33,True,0.17204301075268819,0.18292682926829268,0.08823529411764706,0.15789473684210525,175
2023,2023_CHA_MIN,CHA,MIN,45,60,False,0.19047619047619047,0.3246753246753247,0.16666666666666666,0.3225806451612903,182
2023,2023_CHA_NOP,CHA,NOP,36,39,False,0.15789473684210525,0.20224719101123595,0.16216216216216217,0.125,184
2023,2023_CHA_NOP,CHA,NOP,33,37,False,0.16279069767441862,0.20512820512820512,0.1724137931034483,0.16129032258064516,164
2023,2023_CHA_NYK,CHA,NYK,48,45,True,0.21212121212121213,0.21,0.16666666666666666,0.11538461538461539,199
2023,2023_CHA_NYK,CHA,NYK,59,28,True,0.24107142857142858,0.13953488372093023,0.11363636363636363,0.13333333333333333,198
2023,2023_CHA_OKC,CHA,OKC,47,50,False,0.20192307692307693,0.2391304347826087,0.1724137931034483,0.2222222222222222,196
2023,2023_CHA_OKC,CHA,OKC,44,51,False,0.24050632911392406,0.2857142857142857,0.1875,0.1111111111111111,163
2023,2023_CHA_ORL,CHA,ORL,53,24,True,0.24444444444444444,0.14864864864864866,0.23076923076923078,0.09090909090909091,164
2023,2023_CHA_ORL,CHA,ORL,51,38,True,0.205607476635514,0.20253164556962025,0.16666666666666666,0.1875,186
2023,2023_CHA_PHI,CHA,PHI,33,21,True,0.15384615384615385,0.14492753623188406,0.13157894736842105,0.043478260869565216,160
2023,2023_CHA_PHI,CHA,PHI,61,42,True,0.2616822429906542,0.2261904761904762,0.1388888888888889,0.15384615384615385,191
2023,2023_CHA_PHX,CHA,PHX,45,35,True,0.2,0.1951219512195122,0.17857142857142858,0.09375,182
2023,2023_CHA_PHX,CHA,PHX,43,51,False,0.1935483870967742,0.27058823529411763,0.21875,0.14705882352941177,178
2023,2023_CHA_POR,CHA,POR,35,46,False,0.16129032258064516,0.29850746268656714,0.1724137931034483,0.23076923076923078,160
2023,2023_CHA_POR,CHA,POR,30,50,False,0.15053763440860216,0.23076923076923078,0.08333333333333333,0.27586206896551724,184
2023,2023_CHA_SAC,CHA,SAC,61,53,True,0.2647058823529412,0.2857142857142857,0.20588235294117646,0.23809523809523808,186
2023,2023_CHA_SAC,CHA,SAC,35,37,False,0.1650485436893204,0.2191780821917808,0.02857142857142857,0.23809523809523808,176
2023,2023_CHA_SAS,CHA,SAS,43,32,True,0.1792452830188679,0.14130434782608695,0.15151515151515152,0.17142857142857143,198
2023,2023_CHA_SAS,CHA,SAS,39,35,True,0.2,0.20253164556962025,0.1388888888888889,0.125,164
2023,2023_CHA_TOR,CHA,TOR,47,36,True,0.22105263157894736,0.16494845360824742,0.14705882352941177,0.14285714285714285,192
2023,2023_CHA_TOR,CHA,TOR,41,47,False,0.2111111111111111,0.2638888888888889,0.10344827586206896,0.3333333333333333,162
2023,2023_CHA_UTA,CHA,UTA,53,53,False,0.25,0.26136363636363635,0.1891891891891892,0.2,180
2023,2023_CHA_UTA,CHA,UTA,44,27,True,0.22105263157894736,0.15584415584415584,0.05263157894736842,0.10714285714285714,172
2023,2023_CHA_WAS,CHA,WAS,58,38,True,0.2403846153846154,0.2125,0.2,0.16666666666666666,184
2023,2023_CHA_WAS,CHA,WAS,46,33,True,0.20212765957446807,0.14432989690721648,0.2222222222222222,0.13513513513513514,191
2023,2023_CHI_CLE,CHI,CLE,32,39,False,0.1686746987951807,0.20512820512820512,0.12121212121212122,0.25925925925925924,161
2023,2023_CHI_CLE,CHI,CLE,35,33,True,0.18292682926829268,0.189873417721519,0.16129032258064516,0.0967741935483871,161
2023,2023_CHI_DAL,CHI,DAL,49,57,False,0.205607476635514,0.26373626373626374,0.15625,0.2571428571428571,198
2023,2023_CHI_DAL,CHI,DAL,35,76,False,0.17045454545454544,0.3469387755102041,0.1724137931034483,0.25806451612903225,186
2023,2023_CHI_DEN,CHI,DEN,38,45,False,0.18681318681318682,0.24390243902439024,0.11764705882352941,0.15625,173
2023,2023_CHI_DEN,CHI,DEN,41,54,False,0.18478260869565216,0.26666666666666666,0.18421052631578946,0.16666666666666666,182
2023,2023_CHI_DET,CHI,DET,52,24,True,0.23711340206185566,0.13513513513513514,0.17647058823529413,0.2,171
2023,2023_CHI_DET,CHI,DET,52,42,True,0.2391304347826087,0.20930232558139536,0.2,0.17142857142857143,178
2023,2023_CHI_GSW,CHI,GSW,46,57,False,0.21505376344086022,0.27472527472527475,0.2222222222222222,0.18421052631578946,184
2023,2023_CHI_GSW,CHI,GSW,56,37,True,0.25263157894736843,0.18478260869565216,0.22857142857142856,0.07692307692307693,187
2023,2023_CHI_HOU,CHI,HOU,50,26,True,0.28205128205128205,0.125,0.21428571428571427,0.13333333333333333,166
2023,2023_CHI_HOU,CHI,HOU,55,25,True,0.2857142857142857,0.12345679012345678,0.19444444444444445,0.13157894736842105,165
2023,2023_CHI_IND,CHI,IND,42,41,True,0.22093023255813954,0.21951219512195122,0.14285714285714285,0.16666666666666666,168
2023,2023_CHI_IND,CHI,IND,50,50,False,0.25842696629213485,0.24468085106382978,0.1111111111111111,0.13793103448275862,183
2023,2023_CHI_LAC,CHI,LAC,61,32,True,0.27835051546391754,0.17647058823529413,0.2,0.08695652173913043,182
2023,2023_CHI_LAC,CHI,LAC,50,45,True,0.25,0.24358974358974358,0.14814814814814814,0.25,170
2023,2023_CHI_LAL,CHI,LAL,42,42,False,0.2235294117647059,0.23255813953488372,0.11428571428571428,0.06666666666666667,171
2023,2023_CHI_LAL,CHI,LAL,47,37,True,0.21978021978021978,0.17708333333333334,0.20588235294117646,0.1,187
2023,2023_CHI_MEM,CHI,MEM,37,28,True,0.1827956989247312,0.16216216216216217,0.08571428571428572,0.15384615384615385,167
2023,2023_CHI_MEM,CHI,MEM,50,26,True,0.22,0.12790697674418605,0.1875,0.11428571428571428,186
2023,2023_CHI_MIA,CHI,MIA,41,50,False,0.2375,0.25,0.15,0.26666666666666666,164
2023,2023_CHI_MIA,CHI,MIA,44,46,False,0.1956521739130435,0.24691358024691357,0.22857142857142856,0.20689655172413793,173
2023,2023_CHI_MIL,CHI,MIL,49,48,True,0.21153846153846154,0.23863636363636365,0.12195121951219512,0.16216216216216217,192
2023,2023_CHI_MIL,CHI,MIL,49,46,True,0.2127659574468085,0.26582278481012656,0.2647058823529412,0.16,173
2023,2023_CHI_MIN,CHI,MIN,37,40,False,0.17777777777777778,0.17894736842105263,0.125,0.15384615384615385,185
2023,2023_CHI_MIN,CHI,MIN,39,32,True,0.2125,0.1875,0.19230769230769232,0.10526315789473684,160
2023,2023_CHI_NOP,CHI,NOP,53,28,True,0.25,0.15853658536585366,0.3,0.07142857142857142,170
2023,2023_CHI_NOP,CHI,NOP,47,56,False,0.22340425531914893,0.2696629213483146,0.14285714285714285,0.2,183
2023,2023_CHI_NYK,CHI,NYK,48,44,True,0.27631578947368424,0.23529411764705882,0.20689655172413793,0.1111111111111111,161
2023,2023_CHI_NYK,CHI,NYK,34,27,True,0.15463917525773196,0.1411764705882353,0.1,0.0967741935483871,182
2023,2023_CHI_OKC,CHI,OKC,49,38,True,0.20618556701030927,0.1956521739130435,0.28125,0.09523809523809523,189
2023,2023_CHI_OKC,CHI,OKC,62,24,True,0.24074074074074073,0.13580246913580246,0.2222222222222222,0.06451612903225806,189
2023,2023_CHI_ORL,CHI,ORL,25,61,False,0.13186813186813187,0.23148148148148148,0.02857142857142857,0.25,199
2023,2023_CHI_ORL,CHI,ORL,64,60,True,0.26666666666666666,0.3058823529411765,0.20512820512820512,0.22857142857142856,190
2023,2023_CHI_PHI,CHI,PHI,56,58,False,0.2376237623762376,0.2988505747126437,0.24242424242424243,0.20689655172413793,188
2023,2023_CHI_PHI,CHI,PHI,34,38,False,0.17647058823529413,0.22077922077922077,0.18181818181818182,0.19047619047619047,162
2023,2023_CHI_PHX,CHI,PHX,51,34,True,0.23711340206185566,0.2318840579710145,0.15151515151515152,0.08695652173913043,166
2023,2023_CHI_PHX,CHI,PHX,43,51,False,0.2,0.22,0.1282051282051282,0.20588235294117646,195
2023,2023_CHI_POR,CHI,POR,55,60,False,0.25263157894736843,0.25742574257425743,0.2,0.26666666666666666,196
2023,2023_CHI_POR,CHI,POR,42,40,True,0.20930232558139536,0.1875,0.23076923076923078,0.12903225806451613,182
2023,2023_CHI_SAC,CHI,SAC,36,28,True,0.1702127659574468,0.16666666666666666,0.12903225806451613,0.16,166
2023,2023_CHI_SAC,CHI,SAC,49,38,True,0.21359223300970873,0.1827956989247312,0.16666666666666666,0.13333333333333333,196
2023,2023_CHI_SAS,CHI,SAS,56,48,True,0.22123893805309736,0.25925925925925924,0.15384615384615385,0.18181818181818182,194
2023,2023_CHI_SAS,CHI,SAS,36,46,False,0.19318181818181818,0.19801980198019803,0.06666666666666667,0.13043478260869565,189
2023,2023_CHI_TOR,CHI,TOR,48,43,True,0.23255813953488372,0.20689655172413793,0.21621621621621623,0.23333333333333334,173
2023,2023_CHI_TOR,CHI,TOR,30,40,False,0.14,0.20689655172413793,0.05555555555555555,0.12903225806451613,187
2023,2023_CHI_UTA,CHI,UTA,38,52,False,0.16842105263157894,0.22,0.16666666666666666,0.20512820512820512,195
2023,2023_CHI_UTA,CHI,UTA,49,61,False,0.23232323232323232,0.29347826086956524,0.14285714285714285,0.21212121212121213,191
2023,2023_CHI_WAS,CHI,WAS,61,22,True,0.26732673267326734,0.1111111111111111,0.19444444444444445,0.06896551724137931,191
2023,2023_CHI_WAS,CHI,WAS,47,45,True,0.21212121212121213,0.23255813953488372,0.13513513513513514,0.14285714285714285,185
2023,2023_CLE_DAL,CLE,DAL,49,31,True,0.22580645161290322,0.18571428571428572,0.2916666666666667,0.16666666666666666,163
2023,2023_CLE_DAL,CLE,DAL,55,53,True,0.26595744680851063,0.26595744680851063,0.21739130434782608,0.09375,188
2023,2023_CLE_DEN,CLE,DEN,39,59,False,0.2073170731707317,0.25252525252525254,0.2,0.2903225806451613,181
2023,2023_CLE_DEN,CLE,DEN,51,43,True,0.22448979591836735,0.25,0.20588235294117646,0.16666666666666666,174
2023,2023_CLE_DET,CLE,DET,34,35,False,0.20833333333333334,0.17204301075268819,0.15384615384615385,0.1,165
2023,2023_CLE_DET,CLE,DET,69,35,True,0.2777777777777778,0.17045454545454544,0.23076923076923078,0.14285714285714285,196
2023,2023_CLE_GSW,CLE,GSW,67,54,True,0.2727272727272727,0.29411764705882354,0.21212121212121213,0.15384615384615385,195
2023,2023_CLE_GSW,CLE,GSW,33,36,False,0.15384615384615385,0.22666666666666666,0.15151515151515152,0.09090909090909091,166
2023,2023_CLE_HOU,CLE,HOU,37,52,False,0.19753086419753085,0.24271844660194175,0.15625,0.07407407407407407,184
2023,2023_CLE_HOU,CLE,HOU,42,28,True,0.2235294117647059,0.15789473684210525,0.12903225806451613,0.11428571428571428,161
2023,2023_CLE_IND,CLE,IND,51,42,True,0.24242424242424243,0.20212765957446807,0.14285714285714285,0.12121212121212122,193
2023,2023_CLE_IND,CLE,IND,29,42,False,0.1590909090909091,0.21348314606741572,0.043478260869565216,0.13333333333333333,177
2023,2023_CLE_LAC,CLE,LAC,53,50,True,0.25263157894736843,0.29577464788732394,0.1724137931034483,0.27586206896551724,166
2023,2023_CLE_LAC,CLE,LAC,30,36,False,0.1590909090909091,0.16666666666666666,0.07407407407407407,0.1111111111111111,184
2023,2023_CLE_LAL,CLE,LAL,39,13,True,0.2222222222222222,0.06451612903225806,0.1111111111111111,0.03333333333333333,174
2023,2023_CLE_LAL,CLE,LAL,60,39,True,0.22123893805309736,0.20512820512820512,0.25,0.25925925925925924,191
2023,2023_CLE_MEM,CLE,MEM,57,30,True,0.24752475247524752,0.16455696202531644,0.18421052631578946,0.17391304347826086,180
2023,2023_CLE_MEM,CLE,MEM,41,49,False,0.21686746987951808,0.26582278481012656,0.22727272727272727,0.23333333333333334,162
2023,2023_CLE_MIA,CLE,MIA,69,52,True,0.31,0.24742268041237114,0.21212121212121213,0.125,197
2023,2023_CLE_MIA,CLE,MIA,58,34,True,0.22807017543859648,0.17857142857142858,0.15384615384615385,0.16,198
2023,2023_CLE_MIL,CLE,MIL,62,53,True,0.23893805309734514,0.2804878048780488,0.3333333333333333,0.23333333333333334,195
2023,2023_CLE_MIL,CLE,MIL,49,60,False,0.21153846153846154,0.3103448275862069,0.11627906976744186,0.18181818181818182,191
2023,2023_CLE_MIN,CLE,MIN,53,39,True,0.21568627450980393,0.2222222222222222,0.2903225806451613,0.10714285714285714,183
2023,2023_CLE_MIN,CLE,MIN,45,41,True,0.19801980198019803,0.21428571428571427,0.16129032258064516,0.1724137931034483,185
2023,2023_CLE_NOP,CLE,NOP,63,35,True,0.2727272727272727,0.2222222222222222,0.2647058823529412,0.125,171
2023,2023_CLE_NOP,CLE,NOP,49,37,True,0.18584070796460178,0.2073170731707317,0.15555555555555556,0.13636363636363635,195
2023,2023_CLE_NYK,CLE,NYK,29,71,False,0.16049382716049382,0.2636363636363636,0.11538461538461539,0.29545454545454547,191
2023,2023_CLE_NYK,CLE,NYK,49,45,True,0.22,0.23076923076923078,0.19230769230769232,0.09375,191
2023,2023_CLE_OKC,CLE,OKC,58,47,True,0.2857142857142857,0.2597402597402597,0.2857142857142857,0.25925925925925924,161
2023,2023_CLE_OKC,CLE,OKC,58,23,True,0.2653061224489796,0.11904761904761904,0.18181818181818182,0.11538461538461539,182
2023,2023_CLE_ORL,CLE,ORL,64,30,True,0.27102803738317754,0.15853658536585366,0.17647058823529413,0.14814814814814814,189
2023,2023_CLE_ORL,CLE,ORL,43,28,True,0.2564102564102564,0.14606741573033707,0.11538461538461539,0.07407407407407407,167
2023,2023_CLE_PHI,CLE,PHI,46,41,True,0.24444444444444444,0.19540229885057472,0.07407407407407407,0.20588235294117646,177
2023,2023_CLE_PHI,CLE,PHI,59,44,True,0.24528301886792453,0.2777777777777778,0.17073170731707318,0.16,178
2023,2023_CLE_PHX,CLE,PHX,30,44,False,0.15789473684210525,0.22093023255813954,0.0,0.17142857142857143,181
2023,2023_CLE_PHX,CLE,PHX,60,48,True,0.23893805309734514,0.2619047619047619,0.23076923076923078,0.15384615384615385,197
2023,2023_CLE_POR,CLE,POR,45,29,True,0.21212121212121213,0.14444444444444443,0.10344827586206896,0.125,189
2023,2023_CLE_POR,CLE,POR,48,48,False,0.24444444444444444,0.21052631578947367,0.11428571428571428,0.19047619047619047,185
2023,2023_CLE_SAC,CLE,SAC,57,47,True,0.2717391304347826,0.2235294117647059,0.2,0.34615384615384615,177
2023,2023_CLE_SAC,CLE,SAC,50,44,True,0.25,0.21951219512195122,0.14285714285714285,0.2857142857142857,174
2023,2023_CLE_SAS,CLE,SAS,42,49,False,0.18947368421052632,0.24444444444444444,0.16216216216216217,0.16666666666666666,185
2023,2023_CLE_SAS,CLE,SAS,38,48,False,0.17,0.2111111111111111,0.12121212121212122,0.29411764705882354,190
2023,2023_CLE_TOR,CLE,TOR,49,36,True,0.22,0.18181818181818182,0.1388888888888889,0.14814814814814814,188
2023,2023_CLE_TOR,CLE,TOR,32,38,False,0.16853932584269662,0.20238095238095238,0.05,0.1111111111111111,173
2023,2023_CLE_UTA,CLE,UTA,40,24,True,0.18947368421052632,0.14864864864864866,0.14814814814814814,0.08333333333333333,169
2023,2023_CLE_UTA,CLE,UTA,43,41,True,0.24050632911392406,0.21686746987951808,0.19230769230769232,0.20833333333333334,162
2023,2023_CLE_WAS,CLE,WAS,50,44,True,0.25287356321839083,0.24390243902439024,0.21428571428571427,0.18181818181818182,169
2023,2023_CLE_WAS,CLE,WAS,27,52,False,0.1518987341772152,0.2619047619047619,0.10344827586206896,0.25806451612903225,163
2023,2023_DAL_DEN,DAL,DEN,39,49,False,0.20481927710843373,0.2413793103448276,0.15151515151515152,0.23333333333333334,170
2023,2023_DAL_DEN,DAL,DEN,53,69,False,0.24210526315789474,0.34065934065934067,0.1794871794871795,0.1891891891891892,186
2023,2023_DAL_DET,DAL,DET,42,27,True,0.1875,0.19402985074626866,0.16216216216216217,0.04,163
2023,2023_DAL_DET,DAL,DET,62,51,True,0.313953488372093,0.2619047619047619,0.26666666666666666,0.20588235294117646,170
2023,2023_DAL_GSW,DAL,GSW,36,54,False,0.2,0.26881720430107525,0.08695652173913043,0.13793103448275862,178
2023,2023_DAL_GSW,DAL,GSW,39,45,False,0.17894736842105263,0.2087912087912088,0.1282051282051282,0.1794871794871795,186
2023,2023_DAL_HOU,DAL,HOU,42,36,True,0.21428571428571427,0.1875,0.1935483870967742,0.1935483870967742,164
2023,2023_DAL_HOU,DAL,HOU,52,24,True,0.22429906542056074,0.13157894736842105,0.1111111111111111,0.13793103448275862,183
2023,2023_DAL_IND,DAL,IND,51,48,True,0.21359223300970873,0.21978021978021978,0.1794871794871795,0.20512820512820512,194
2023,2023_DAL_IND,DAL,IND,36,51,False,0.18518518518518517,0.22772277227722773,0.2222222222222222,0.17857142857142858,182
2023,2023_DAL_LAC,DAL,LAC,46,37,True,0.23809523809523808,0.19047619047619047,0.1935483870967742,0.15625,168
2023,2023_DAL_LAC,DAL,LAC,69,55,True,0.30097087378640774,0.30864197530864196,0.23333333333333334,0.19230769230769232,184
2023,2023_DAL_LAL,DAL,LAL,63,57,True,0.28865979381443296,0.25,0.22580645161290322,0.2571428571428571,193
2023,2023_DAL_LAL,DAL,LAL,37,41,False,0.18888888888888888,0.1978021978021978,0.09375,0.18518518518518517,181
2023,2023_DAL_MEM,DAL,MEM,41,27,True,0.1956521739130435,0.17391304347826086,0.15625,0.11538461538461539,161
2023,2023_DAL_MEM,DAL,MEM,50,37,True,0.23404255319148937,0.2328767123287671,0.15384615384615385,0.12,167
2023,2023_DAL_MIA,DAL,MIA,29,23,True,0.15476190476190477,0.12987012987012986,0.08571428571428572,0.125,161
2023,2023_DAL_MIA,DAL,MIA,51,40,True,0.2558139534883721,0.20224719101123595,0.3181818181818182,0.18181818181818182,175
2023,2023_DAL_MIL,DAL,MIL,84,60,True,0.32075471698113206,0.30337078651685395,0.4,0.20689655172413793,195
2023,2023_DAL_MIL,DAL,MIL,54,37,True,0.21568627450980393,0.17525773195876287,0.2702702702702703,0.07142857142857142,199
2023,2023_DAL_MIN,DAL,MIN,50,33,True,0.26436781609195403,0.20270270270270271,0.12121212121212122,0.1111111111111111,161
2023,2023_DAL_MIN,DAL,MIN,46,28,True,0.1941747572815534,0.16666666666666666,0.15384615384615385,0.10526315789473684,181
2023,2023_DAL_NOP,DAL,NOP,51,57,False,0.23655913978494625,0.23232323232323232,0.2,0.2894736842105263,192
2023,2023_DAL_NOP,DAL,NOP,47,58,False,0.2375,0.27956989247311825,0.28125,0.20689655172413793,173
2023,2023_DAL_NYK,DAL,NYK,39,52,False,0.2222222222222222,0.24210526315789474,0.10344827586206896,0.2,176
2023,2023_DAL_NYK,DAL,NYK,51,37,True,0.2625,0.19767441860465115,0.32142857142857145,0.09090909090909091,166
2023,2023_DAL_OKC,DAL,OKC,59,41,True,0.25,0.22093023255813954,0.1891891891891892,0.10344827586206896,190
2023,2023_DAL_OKC,DAL,OKC,57,31,True,0.27956989247311825,0.17105263157894737,0.18518518518518517,0.1724137931034483,169
2023,2023_DAL_ORL,DAL,ORL,50,43,True,0.26136363636363635,0.1834862385321101,0.14285714285714285,0.1,197
2023,2023_DAL_ORL,DAL,ORL,55,41,True,0.22429906542056074,0.25,0.2,0.12,183
2023,2023_DAL_PHI,DAL,PHI,57,43,True,0.25773195876288657,0.24358974358974358,0.1891891891891892,0.1724137931034483,175
2023,2023_DAL_PHI,DAL,PHI,59,46,True,0.27835051546391754,0.21978021978021978,0.14285714285714285,0.1875,188
2023,2023_DAL_PHX,DAL,PHX,52,50,True,0.25,0.26582278481012656,0.20689655172413793,0.26666666666666666,171
2023,2023_DAL_PHX,DAL,PHX,30,42,False,0.15555555555555556,0.2602739726027397,0.07692307692307693,0.21052631578947367,163
2023,2023_DAL_POR,DAL,POR,55,51,True,0.24731182795698925,0.22826086956521738,0.2647058823529412,0.2647058823529412,185
2023,2023_DAL_POR,DAL,POR,31,56,False,0.1625,0.2976190476190476,0.15151515151515152,0.2857142857142857,164
2023,2023_DAL_SAC,DAL,SAC,60,52,True,0.2840909090909091,0.22330097087378642,0.3125,0.14634146341463414,191
2023,2023_DAL_SAC,DAL,SAC,51,30,True,0.27380952380952384,0.16666666666666666,0.1724137931034483,0.14285714285714285,162
2023,2023_DAL_SAS,DAL,SAS,45,20,True,0.21839080459770116,0.10227272727272728,0.23333333333333334,0.06451612903225806,175
2023,2023_DAL_SAS,DAL,SAS,42,41,True,0.17307692307692307,0.24324324324324326,0.13636363636363635,0.29411764705882354,178
2023,2023_DAL_TOR,DAL,TOR,56,27,True,0.2727272727272727,0.14942528735632185,0.27586206896551724,0.047619047619047616,175
2023,2023_DAL_TOR,DAL,TOR,46,58,False,0.2127659574468085,0.25510204081632654,0.20689655172413793,0.3333333333333333,192
2023,2023_DAL_UTA,DAL,UTA,45,37,True,0.24390243902439024,0.1875,0.1724137931034483,0.2692307692307692,162
2023,2023_DAL_UTA,DAL,UTA,57,46,True,0.24468085106382978,0.2441860465116279,0.24444444444444444,0.14814814814814814,180
2023,2023_DAL_WAS,DAL,WAS,44,29,True,0.2,0.16,0.21621621621621623,0.2,165
2023,2023_DAL_WAS,DAL,WAS,32,25,True,0.18604651162790697,0.1375,0.0,0.1,166
2023,2023_DEN_DET,DEN,DET,43,36,True,0.20212765957446807,0.20987654320987653,0.13513513513513514,0.06666666666666667,175
2023,2023_DEN_DET,DEN,DET,41,27,True,0.1935483870967742,0.13636363636363635,0.13513513513513514,0.0967741935483871,181
2023,2023_DEN_GSW,DEN,GSW,65,28,True,0.30434782608695654,0.1511627906976744,0.28125,0.07142857142857142,178
2023,2023_DEN_GSW,DEN,GSW,53,36,True,0.2987012987012987,0.17582417582417584,0.3333333333333333,0.10810810810810811,168
2023,2023_DEN_HOU,DEN,HOU,70,31,True,0.32653061224489793,0.14606741573033707,0.20689655172413793,0.16666666666666666,187
2023,2023_DEN_HOU,DEN,HOU,79,53,True,0.34,0.26595744680851063,0.2894736842105263,0.0967741935483871,194
2023,2023_DEN_IND,DEN,IND,78,28,True,0.3148148148148148,0.1348314606741573,0.23255813953488372,0.10810810810810811,197
2023,2023_DEN_IND,DEN,IND,64,41,True,0.28865979381443296,0.2087912087912088,0.25806451612903225,0.125,188
2023,2023_DEN_LAC,DEN,LAC,54,45,True,0.23076923076923078,0.2127659574468085,0.16216216216216217,0.16666666666666666,198
2023,2023_DEN_LAC,DEN,LAC,29,47,False,0.14285714285714285,0.2564102564102564,0.0967741935483871,0.23333333333333334,169
2023,2023_DEN_LAL,DEN,LAL,49,26,True,0.2716049382716049,0.12941176470588237,0.16666666666666666,0.12903225806451613,166
2023,2023_DEN_LAL,DEN,LAL,63,38,True,0.30337078651685395,0.23943661971830985,0.24324324324324326,0.16666666666666666,160
2023,2023_DEN_MEM,DEN,MEM,39,30,True,0.19047619047619047,0.1566265060240964,0.3181818181818182,0.11428571428571428,167
2023,2023_DEN_MEM,DEN,MEM,49,52,False,0.25,0.2804878048780488,0.16666666666666666,0.2222222222222222,170
2023,2023_DEN_MIA,DEN,MIA,57,40,True,0.2708333333333333,0.19148936170212766,0.14705882352941177,0.10810810810810811,190
2023,2023_DEN_MIA,DEN,MIA,58,47,True,0.3253012048192771,0.23529411764705882,0.18181818181818182,0.28,168
2023,2023_DEN_MIL,DEN,MIL,38,47,False,0.20454545454545456,0.28378378378378377,0.08695652173913043,0.19230769230769232,162
2023,2023_DEN_MIL,DEN,MIL,53,69,False,0.24705882352941178,0.29245283018867924,0.36666666666666664,0.19444444444444445,191
2023,2023_DEN_MIN,DEN,MIN,64,49,True,0.30434782608695654,0.20588235294117646,0.2222222222222222,0.17073170731707318,194
2023,2023_DEN_MIN,DEN,MIN,69,44,True,0.31313131313131315,0.2159090909090909,0.2,0.1935483870967742,187
2023,2023_DEN_NOP,DEN,NOP,48,30,True,0.24444444444444444,0.17567567567567569,0.10810810810810811,0.18181818181818182,164
2023,2023_DEN_NOP,DEN,NOP,70,34,True,0.32323232323232326,0.16483516483516483,0.2,0.11428571428571428,190
2023,2023_DEN_NYK,DEN,NYK,77,41,True,0.3333333333333333,0.1958762886597938,0.34375,0.1,196
2023,2023_DEN_NYK,DEN,NYK,41,33,True,0.19318181818181818,0.19736842105263158,0.2413793103448276,0.14285714285714285,164
2023,2023_DEN_OKC,DEN,OKC,67,39,True,0.27884615384615385,0.23684210526315788,0.3103448275862069,0.13636363636363635,180
2023,2023_DEN_OKC,DEN,OKC,45,42,True,0.23170731707317074,0.2345679012345679,0.25925925925925924,0.16666666666666666,163
2023,2023_DEN_ORL,DEN,ORL,39,34,True,0.1782178217821782,0.1917808219178082,0.0967741935483871,0.1935483870967742,174
2023,2023_DEN_ORL,DEN,ORL,61,47,True,0.27835051546391754,0.30434782608695654,0.2413793103448276,0.17857142857142858,166
2023,2023_DEN_PHI,DEN,PHI,47,36,True,0.2247191011235955,0.1927710843373494,0.1891891891891892,0.14814814814814814,172
2023,2023_DEN_PHI,DEN,PHI,61,47,True,0.26262626262626265,0.2268041237113402,0.21428571428571427,0.1,196
2023,2023_DEN_PHX,DEN,PHX,47,43,True,0.20212765957446807,0.18,0.2727272727272727,0.21212121212121213,194
2023,2023_DEN_PHX,DEN,PHX,46,40,True,0.2391304347826087,0.2328767123287671,0.06451612903225806,0.2727272727272727,165
2023,2023_DEN_POR,DEN,POR,42,46,False,0.24691358024691357,0.22093023255813954,0.08,0.2,167
2023,2023_DEN_POR,DEN,POR,50,39,True,0.2222222222222222,0.21951219512195122,0.15,0.0967741935483871,181
2023,2023_DEN_SAC,DEN,SAC,49,30,True,0.22916666666666666,0.19117647058823528,0.1388888888888889,0.18181818181818182,164
2023,2023_DEN_SAC,DEN,SAC,48,50,False,0.22105263157894736,0.22727272727272727,0.17142857142857143,0.3448275862068966,183
2023,2023_DEN_SAS,DEN,SAS,54,44,True,0.2926829268292683,0.20454545454545456,0.24,0.24242424242424243,170
2023,2023_DEN_SAS,DEN,SAS,52,49,True,0.23529411764705882,0.23157894736842105,0.11764705882352941,0.14705882352941177,197
2023,2023_DEN_TOR,DEN,TOR,45,59,False,0.2857142857142857,0.23300970873786409,0.058823529411764705,0.2619047619047619,180
2023,2023_DEN_TOR,DEN,TOR,47,42,True,0.19801980198019803,0.2235294117647059,0.175,0.13793103448275862,186
2023,2023_DEN_UTA,DEN,UTA,39,29,True,0.17,0.18055555555555555,0.1388888888888889,0.1111111111111111,172
2023,2023_DEN_UTA,DEN,UTA,71,25,True,0.3595505617977528,0.1643835616438356,0.2,0.04,162
2023,2023_DEN_WAS,DEN,WAS,65,49,True,0.2857142857142857,0.2727272727272727,0.28125,0.25,175
2023,2023_DEN_WAS,DEN,WAS,57,40,True,0.29545454545454547,0.2073170731707317,0.1724137931034483,0.20689655172413793,170
2023,2023_DET_GSW,DET,GSW,17,35,False,0.1,0.17777777777777778,0.03225806451612903,0.13043478260869565,170
2023,2023_DET_GSW,DET,GSW,26,47,False,0.13186813186813187,0.2037037037037037,0.07407407407407407,0.08333333333333333,199
2023,2023_DET_HOU,DET,HOU,30,35,False,0.16279069767441862,0.21052631578947367,0.06896551724137931,0.11538461538461539,162
2023,2023_DET_HOU,DET,HOU,39,55,False,0.20689655172413793,0.22018348623853212,0.12,0.21875,196
2023,2023_DET_IND,DET,IND,53,46,True,0.21568627450980393,0.22340425531914893,0.19148936170212766,0.13793103448275862,196
2023,2023_DET_IND,DET,IND,43,49,False,0.1875,0.25,0.18421052631578946,0.3103448275862069,176
2023,2023_DET_LAC,DET,LAC,48,48,False,0.24705882352941178,0.2716049382716049,0.1875,0.2,166
2023,2023_DET_LAC,DET,LAC,34,62,False,0.20833333333333334,0.30434782608695654,0.15384615384615385,0.20689655172413793,164
2023,2023_DET_LAL,DET,LAL,48,48,False,0.22580645161290322,0.24705882352941178,0.20689655172413793,0.24,178
2023,2023_DET_LAL,DET,LAL,32,44,False,0.16666666666666666,0.20192307692307693,0.09523809523809523,0.058823529411764705,194
2023,2023_DET_MEM,DET,MEM,41,52,False,0.18888888888888888,0.2222222222222222,0.19444444444444445,0.11764705882352941,198
2023,2023_DET_MEM,DET,MEM,46,31,True,0.2235294117647059,0.16470588235294117,0.25,0.09090909090909091,170
2023,2023_DET_MIA,DET,MIA,38,48,False,0.18181818181818182,0.2413793103448276,0.21428571428571427,0.1875,175
2023,2023_DET_MIA,DET,MIA,35,34,True,0.1927710843373494,0.175,0.0967741935483871,0.16666666666666666,163
2023,2023_DET_MIL,DET,MIL,31,68,False,0.1511627906976744,0.31521739130434784,0.15625,0.3448275862068966,178
2023,2023_DET_MIL,DET,MIL,34,51,False,0.20833333333333334,0.2608695652173913,0.13333333333333333,0.08571428571428572,164
2023,2023_DET_MIN,DET,MIN,35,54,False,0.15625,0.2926829268292683,0.18518518518518517,0.23076923076923078,178
2023,2023_DET_MIN,DET,MIN,58,36,True,0.26881720430107525,0.20270270270270271,0.25,0.1935483870967742,167
2023,2023_DET_NOP,DET,NOP,51,41,True,0.19827586206896552,0.20987654320987653,0.125,0.2692307692307692,197
2023,2023_DET_NOP,DET,NOP,35,46,False,0.18292682926829268,0.2127659574468085,0.15625,0.16216216216216217,176
2023,2023_DET_NYK,DET,NYK,24,47,False,0.11956521739130435,0.22826086956521738,0.07407407407407407,0.14285714285714285,184
2023,2023_DET_NYK,DET,NYK,53,48,True,0.2222222222222222,0.24175824175824176,0.11363636363636363,0.125,199
2023,2023_DET_OKC,DET,OKC,38,37,True,0.18181818181818182,0.16494845360824742,0.058823529411764705,0.16129032258064516,196
2023,2023_DET_OKC,DET,OKC,43,31,True,0.1782178217821782,0.15053763440860216,0.18421052631578946,0.08571428571428572,194
2023,2023_DET_ORL,DET,ORL,46,44,True,0.20202020202020202,0.2159090909090909,0.16666666666666666,0.17142857142857143,187
2023,2023_DET_ORL,DET,ORL,52,27,True,0.23157894736842105,0.14942528735632185,0.1951219512195122,0.03125,182
2023,2023_DET_PHI,DET,PHI,41,47,False,0.1717171717171717,0.2625,0.1891891891891892,0.18518518518518517,179
2023,2023_DET_PHI,DET,PHI,36,43,False,0.1619047619047619,0.24390243902439024,0.05263157894736842,0.125,187
2023,2023_DET_PHX,DET,PHX,30,39,False,0.13131313131313133,0.19540229885057472,0.10256410256410256,0.15625,186
2023,2023_DET_PHX,DET,PHX,47,56,False,0.19444444444444445,0.29069767441860467,0.1388888888888889,0.24,194
2023,2023_DET_POR,DET,POR,56,56,False,0.24271844660194175,0.25806451612903225,0.15384615384615385,0.22857142857142856,196
2023,2023_DET_POR,DET,POR,29,60,False,0.15584415584415584,0.2736842105263158,0.1724137931034483,0.21052631578947367,172
2023,2023_DET_SAC,DET,SAC,39,31,True,0.18681318681318682,0.12903225806451613,0.14705882352941177,0.1891891891891892,184
2023,2023_DET_SAC,DET,SAC,38,35,True,0.17346938775510204,0.1744186046511628,0.125,0.13513513513513514,184
2023,2023_DET_SAS,DET,SAS,39,47,False,0.1956521739130435,0.20192307692307693,0.1111111111111111,0.15151515151515152,196
2023,2023_DET_SAS,DET,SAS,34,34,False,0.16853932584269662,0.17647058823529413,0.13333333333333333,0.13333333333333333,174
2023,2023_DET_TOR,DET,TOR,26,41,False,0.15584415584415584,0.21686746987951808,0.06060606060606061,0.17857142857142858,160
2023,2023_DET_TOR,DET,TOR,24,23,True,0.125,0.1506849315068493,0.08,0.03225806451612903,161
2023,2023_DET_UTA,DET,UTA,26,25,True,0.11578947368421053,0.16417910447761194,0.10526315789473684,0.13043478260869565,162
2023,2023_DET_UTA,DET,UTA,45,29,True,0.20833333333333334,0.15476190476190477,0.13513513513513514,0.09375,180
2023,2023_DET_WAS,DET,WAS,35,43,False,0.18292682926829268,0.24050632911392406,0.14285714285714285,0.15625,161
2023,2023_DET_WAS,DET,WAS,34,37,False,0.2077922077922078,0.17045454545454544,0.08333333333333333,0.16666666666666666,165
2023,2023_GSW_HOU,GSW,HOU,52,33,True,0.25842696629213485,0.18666666666666668,0.1935483870967742,0.18518518518518517,164
2023,2023_GSW_HOU,GSW,HOU,55,30,True,0.22330097087378642,0.14736842105263157,0.20930232558139536,0.09090909090909091,198
2023,2023_GSW_IND,GSW,IND,58,51,True,0.23,0.22105263157894736,0.2926829268292683,0.2647058823529412,195
2023,2023_GSW_IND,GSW,IND,55,44,True,0.2376237623762376,0.25,0.2,0.2727272727272727,177
2023,2023_GSW_LAC,GSW,LAC,53,41,True,0.21904761904761905,0.2235294117647059,0.16279069767441862,0.0967741935483871,190
2023,2023_GSW_LAC,GSW,LAC,55,58,False,0.25,0.2727272727272727,0.1794871794871795,0.10526315789473684,195
2023,2023_GSW_LAL,GSW,LAL,47,30,True,0.22340425531914893,0.15294117647058825,0.15151515151515152,0.11428571428571428,179
2023,2023_GSW_LAL,GSW,LAL,50,28,True,0.23863636363636365,0.15476190476190477,0.2962962962962963,0.07692307692307693,172
2023,2023_GSW_MEM,GSW,MEM,54,33,True,0.25510204081632654,0.18181818181818182,0.12903225806451613,0.15151515151515152,175
2023,2023_GSW_MEM,GSW,MEM,56,38,True,0.2647058823529412,0.1827956989247312,0.06666666666666667,0.13333333333333333,195
2023,2023_GSW_MIA,GSW,MIA,59,49,True,0.2549019607843137,0.2558139534883721,0.21212121212121213,0.21739130434782608,188
2023,2023_GSW_MIA,GSW,MIA,53,46,True,0.2553191489361702,0.24705882352941178,0.2,0.15384615384615385,179
2023,2023_GSW_MIL,GSW,MIL,42,54,False,0.20930232558139536,0.30864197530864196,0.17142857142857143,0.23529411764705882,167
2023,2023_GSW_MIL,GSW,MIL,40,49,False,0.20454545454545456,0.2916666666666667,0.13793103448275862,0.23333333333333334,160
2023,2023_GSW_MIN,GSW,MIN,47,46,True,0.22826086956521738,0.2597402597402597,0.1724137931034483,0.23076923076923078,169
2023,2023_GSW_MIN,GSW,MIN,54,44,True,0.24175824175824176,0.2465753424657534,0.24390243902439024,0.3076923076923077,164
2023,2023_GSW_NOP,GSW,NOP,61,32,True,0.2653061224489796,0.16666666666666666,0.28125,0.12903225806451613,182
2023,2023_GSW_NOP,GSW,NOP,52,40,True,0.2072072072072072,0.21839080459770116,0.15,0.07692307692307693,198
2023,2023_GSW_NYK,GSW,NYK,30,32,False,0.14432989690721648,0.19444444444444445,0.058823529411764705,0.16666666666666666,169
2023,2023_GSW_NYK,GSW,NYK,58,43,True,0.25510204081632654,0.20833333333333334,0.1951219512195122,0.0967741935483871,194
2023,2023_GSW_OKC,GSW,OKC,77,27,True,0.3177570093457944,0.13793103448275862,0.24324324324324326,0.11538461538461539,194
2023,2023_GSW_OKC,GSW,OKC,49,44,True,0.2,0.1956521739130435,0.16279069767441862,0.25806451612903225,197
2023,2023_GSW_ORL,GSW,ORL,45,38,True,0.2,0.23076923076923078,0.23333333333333334,0.08695652173913043,173
2023,2023_GSW_ORL,GSW,ORL,56,45,True,0.3048780487804878,0.2159090909090909,0.2222222222222222,0.18421052631578946,170
2023,2023_GSW_PHI,GSW,PHI,44,73,False,0.22826086956521738,0.32608695652173914,0.08333333333333333,0.41935483870967744,184
2023,2023_GSW_PHI,GSW,PHI,39,50,False,0.17894736842105263,0.27848101265822783,0.15625,0.20689655172413793,174
2023,2023_GSW_PHX,GSW,PHX,34,69,False,0.1724137931034483,0.2912621359223301,0.125,0.20454545454545456,190
2023,2023_GSW_PHX,GSW,PHX,55,50,True,0.2976190476190476,0.2682926829268293,0.1724137931034483,0.2,166
2023,2023_GSW_POR,GSW,POR,35,42,False,0.19753086419753085,0.225,0.13043478260869565,0.1875,161
2023,2023_GSW_POR,GSW,POR,47,58,False,0.22826086956521738,0.2647058823529412,0.1724137931034483,0.12903225806451613,194
2023,2023_GSW_SAC,GSW,SAC,54,47,True,0.23958333333333334,0.20652173913043478,0.25806451612903225,0.23684210526315788,188
2023,2023_GSW_SAC,GSW,SAC,40,43,False,0.1836734693877551,0.19,0.11428571428571428,0.1388888888888889,198
2023,2023_GSW_SAS,GSW,SAS,68,22,True,0.23478260869565218,0.11904761904761904,0.3333333333333333,0.06451612903225806,199
2023,2023_GSW_SAS,GSW,SAS,40,29,True,0.18,0.1566265060240964,0.12903225806451613,0.13636363636363635,183
2023,2023_GSW_TOR,GSW,TOR,47,42,True,0.2159090909090909,0.20224719101123595,0.24324324324324326,0.20689655172413793,177
2023,2023_GSW_TOR,GSW,TOR,52,37,True,0.25806451612903225,0.16666666666666666,0.16,0.16666666666666666,189
2023,2023_GSW_UTA,GSW,UTA,50,36,True,0.20618556701030927,0.17582417582417584,0.23255813953488372,0.13793103448275862,188
2023,2023_GSW_UTA,GSW,UTA,49,34,True,0.18867924528301888,0.1744186046511628,0.23684210526315788,0.11764705882352941,192
2023,2023_GSW_WAS,GSW,WAS,52,30,True,0.2376237623762376,0.1326530612244898,0.11764705882352941,0.1111111111111111,199
2023,2023_GSW_WAS,GSW,WAS,45,50,False,0.20388349514563106,0.25,0.08333333333333333,0.2,191
2023,2023_HOU_IND,HOU,IND,33,39,False,0.1686746987951807,0.18888888888888888,0.15625,0.1388888888888889,173
2023,2023_HOU_IND,HOU,IND,45,38,True,0.21978021978021978,0.17777777777777778,0.1388888888888889,0.1875,181
2023,2023_HOU_LAC,HOU,LAC,39,56,False,0.18681318681318682,0.2875,0.1724137931034483,0.30303030303030304,171
2023,2023_HOU_LAC,HOU,LAC,41,35,True,0.16037735849056603,0.16853932584269662,0.175,0.14705882352941177,195
2023,2023_HOU_LAL,HOU,LAL,46,46,False,0.20833333333333334,0.21212121212121213,0.2222222222222222,0.12121212121212122,195
2023,2023_HOU_LAL,HOU,LAL,35,52,False,0.17204301075268819,0.3026315789473684,0.08333333333333333,0.21428571428571427,169
2023,2023_HOU_MEM,HOU,MEM,44,43,True,0.1875,0.1958762886597938,0.26666666666666666,0.1724137931034483,193
2023,2023_HOU_MEM,HOU,MEM,53,49,True,0.26666666666666666,0.23404255319148937,0.15625,0.13513513513513514,184
2023,2023_HOU_MIA,HOU,MIA,42,45,False,0.15384615384615385,0.2676056338028169,0.12,0.25,188
2023,2023_HOU_MIA,HOU,MIA,52,33,True,0.23076923076923078,0.14736842105263157,0.2777777777777778,0.14705882352941177,186
2023,2023_HOU_MIL,HOU,MIL,37,48,False,0.18478260869565216,0.25925925925925924,0.0967741935483871,0.18181818181818182,173
2023,2023_HOU_MIL,HOU,MIL,39,69,False,0.1827956989247312,0.27184466019417475,0.1724137931034483,0.3023255813953488,196
2023,2023_HOU_MIN,HOU,MIN,31,61,False,0.15625,0.345679012345679,0.038461538461538464,0.20833333333333334,177
2023,2023_HOU_MIN,HOU,MIN,50,42,True,0.2037037037037037,0.2087912087912088,0.16216216216216217,0.14285714285714285,199
2023,2023_HOU_NOP,HOU,NOP,55,52,True,0.22330097087378642,0.23863636363636365,0.23684210526315788,0.3225806451612903,191
2023,2023_HOU_NOP,HOU,NOP,47,31,True,0.2,0.18181818181818182,0.16666666666666666,0.15,177
2023,2023_HOU_NYK,HOU,NYK,24,52,False,0.13414634146341464,0.26506024096385544,0.07407407407407407,0.2857142857142857,165
2023,2023_HOU_NYK,HOU,NYK,39,41,False,0.15789473684210525,0.2289156626506024,0.08823529411764706,0.1,197
2023,2023_HOU_OKC,HOU,OKC,42,40,True,0.2111111111111111,0.2465753424657534,0.13333333333333333,0.14814814814814814,163
2023,2023_HOU_OKC,HOU,OKC,42,39,True,0.16831683168316833,0.19753086419753085,0.19047619047619047,0.2916666666666667,182
2023,2023_HOU_ORL,HOU,ORL,33,25,True,0.15217391304347827,0.17391304347826086,0.13513513513513514,0.043478260869565216,161
2023,2023_HOU_ORL,HOU,ORL,42,32,True,0.17,0.18292682926829268,0.18181818181818182,0.05405405405405406,182
2023,2023_HOU_PHI,HOU,PHI,30,33,False,0.13978494623655913,0.15555555555555556,0.125,0.14705882352941177,183
2023,2023_HOU_PHI,HOU,PHI,57,38,True,0.2631578947368421,0.20238095238095238,0.28,0.125,179
2023,2023_HOU_PHX,HOU,PHX,44,61,False,0.2,0.2857142857142857,0.1875,0.16129032258064516,193
2023,2023_HOU_PHX,HOU,PHX,47,50,False,0.17307692307692307,0.23157894736842105,0.21568627450980393,0.1935483870967742,199
2023,2023_HOU_POR,HOU,POR,42,50,False,0.18518518518518517,0.21978021978021978,0.06451612903225806,0.2702702702702703,199
2023,2023_HOU_POR,HOU,POR,36,44,False,0.18681318681318682,0.2289156626506024,0.06451612903225806,0.16666666666666666,174
2023,2023_HOU_SAC,HOU,SAC,52,53,False,0.24444444444444444,0.22,0.2857142857142857,0.25,190
2023,2023_HOU_SAC,HOU,SAC,53,35,True,0.2716049382716049,0.15625,0.28125,0.14285714285714285,177
2023,2023_HOU_SAS,HOU,SAS,37,30,True,0.15789473684210525,0.2,0.16666666666666666,0.14814814814814814,160
2023,2023_HOU_SAS,HOU,SAS,47,32,True,0.21,0.15151515151515152,0.14285714285714285,0.07142857142857142,199
2023,2023_HOU_TOR,HOU,TOR,37,33,True,0.18181818181818182,0.1724137931034483,0.18518518518518517,0.1,175
2023,2023_HOU_TOR,HOU,TOR,46,45,True,0.24096385542168675,0.21212121212121213,0.24,0.07692307692307693,182
2023,2023_HOU_UTA,HOU,UTA,26,42,False,0.12222222222222222,0.24675324675324675,0.16,0.2,167
2023,2023_HOU_UTA,HOU,UTA,46,52,False,0.2247191011235955,0.25287356321839083,0.21428571428571427,0.25,176
2023,2023_HOU_WAS,HOU,WAS,57,53,True,0.26666666666666666,0.2441860465116279,0.21951219512195122,0.34375,176
2023,2023_HOU_WAS,HOU,WAS,48,37,True,0.19801980198019803,0.18604651162790697,0.24242424242424243,0.21739130434782608,187
2023,2023_IND_LAC,IND,LAC,60,33,True,0.26605504587155965,0.16666666666666666,0.05263157894736842,0.10714285714285714,199
2023,2023_IND_LAC,IND,LAC,44,49,False,0.20224719101123595,0.25882352941176473,0.23529411764705882,0.17857142857142858,174
2023,2023_IND_LAL,IND,LAL,58,33,True,0.23809523809523808,0.14893617021276595,0.2222222222222222,0.12195121951219512,199
2023,2023_IND_LAL,IND,LAL,37,52,False,0.18181818181818182,0.2857142857142857,0.1724137931034483,0.16,172
2023,2023_IND_MEM,IND,MEM,53,55,False,0.22772277227722773,0.2804878048780488,0.23333333333333334,0.28125,183
2023,2023_IND_MEM,IND,MEM,50,39,True,0.24731182795698925,0.22666666666666666,0.12121212121212122,0.16129032258064516,168
2023,2023_IND_MIA,IND,MIA,49,54,False,0.19469026548672566,0.29411764705882354,0.1282051282051282,0.14285714285714285,198
2023,2023_IND_MIA,IND,MIA,56,52,True,0.2777777777777778,0.21904761904761905,0.2,0.18181818181818182,195
2023,2023_IND_MIL,IND,MIL,31,49,False,0.15789473684210525,0.25,0.03225806451612903,0.14285714285714285,183
2023,2023_IND_MIL,IND,MIL,50,39,True,0.24705882352941178,0.21518987341772153,0.2857142857142857,0.20833333333333334,164
2023,2023_IND_MIN,IND,MIN,53,58,False,0.22,0.30952380952380953,0.23684210526315788,0.1935483870967742,184
2023,2023_IND_MIN,IND,MIN,49,36,True,0.2037037037037037,0.16853932584269662,0.18518518518518517,0.1935483870967742,197
2023,2023_IND_NOP,IND,NOP,43,37,True,0.18811881188118812,0.18518518518518517,0.16666666666666666,0.2413793103448276,182
2023,2023_IND_NOP,IND,NOP,30,43,False,0.14772727272727273,0.21951219512195122,0.13333333333333333,0.22580645161290322,170
2023,2023_IND_NYK,IND,NYK,53,57,False,0.26666666666666666,0.26804123711340205,0.16666666666666666,0.15151515151515152,187
2023,2023_IND_NYK,IND,NYK,51,49,True,0.2,0.25287356321839083,0.23333333333333334,0.14285714285714285,197
2023,2023_IND_OKC,IND,OKC,41,50,False,0.19148936170212766,0.23469387755102042,0.17857142857142858,0.11428571428571428,192
2023,2023_IND_OKC,IND,OKC,50,34,True,0.21153846153846154,0.17045454545454544,0.16216216216216217,0.13793103448275862,192
2023,2023_IND_ORL,IND,ORL,32,33,False,0.15,0.175,0.06060606060606061,0.1724137931034483,180
2023,2023_IND_ORL,IND,ORL,49,53,False,0.2222222222222222,0.23,0.36,0.175,190
2023,2023_IND_PHI,IND,PHI,40,46,False,0.23376623376623376,0.2558139534883721,0.15384615384615385,0.09523809523809523,163
2023,2023_IND_PHI,IND,PHI,24,52,False,0.12941176470588237,0.2558139534883721,0.08333333333333333,0.21621621621621623,171
2023,2023_IND_PHX,IND,PHX,45,57,False,0.18446601941747573,0.2717391304347826,0.14583333333333334,0.2916666666666667,195
2023,2023_IND_PHX,IND,PHX,49,36,True,0.21782178217821782,0.20833333333333334,0.11627906976744186,0.2222222222222222,173
2023,2023_IND_POR,IND,POR,48,57,False,0.23157894736842105,0.22549019607843138,0.12903225806451613,0.34375,197
2023,2023_IND_POR,IND,POR,67,37,True,0.35294117647058826,0.21052631578947367,0.30434782608695654,0.20833333333333334,161
2023,2023_IND_SAC,IND,SAC,43,28,True,0.22988505747126436,0.14444444444444443,0.09375,0.058823529411764705,177
2023,2023_IND_SAC,IND,SAC,50,28,True,0.22916666666666666,0.19696969696969696,0.15789473684210525,0.11764705882352941,162
2023,2023_IND_SAS,IND,SAS,45,42,True,0.23809523809523808,0.23170731707317074,0.1282051282051282,0.14814814814814814,166
2023,2023_IND_SAS,IND,SAS,42,26,True,0.2087912087912088,0.12087912087912088,0.1111111111111111,0.125,182
2023,2023_IND_TOR,IND,TOR,41,31,True,0.23684210526315788,0.15384615384615385,0.16129032258064516,0.1,167
2023,2023_IND_TOR,IND,TOR,44,39,True,0.18811881188118812,0.19767441860465115,0.14634146341463414,0.1724137931034483,187
2023,2023_IND_UTA,IND,UTA,32,50,False,0.175,0.23595505617977527,0.13793103448275862,0.23529411764705882,169
2023,2023_IND_UTA,IND,UTA,29,50,False,0.1368421052631579,0.25,0.09375,0.17647058823529413,183
2023,2023_IND_WAS,IND,WAS,38,31,True,0.20689655172413793,0.175,0.07692307692307693,0.1,167
2023,2023_IND_WAS,IND,WAS,47,36,True,0.22340425531914893,0.1523809523809524,0.15151515151515152,0.09523809523809523,199
2023,2023_LAC_LAL,LAC,LAL,60,36,True,0.25252525252525254,0.18888888888888888,0.2222222222222222,0.08695652173913043,189
2023,2023_LAC_LAL,LAC,LAL,51,40,True,0.2222222222222222,0.20481927710843373,0.175,0.2222222222222222,182
2023,2023_LAC_MEM,LAC,MEM,60,47,True,0.2903225806451613,0.2441860465116279,0.1935483870967742,0.17857142857142858,179
2023,2023_LAC_MEM,LAC,MEM,53,31,True,0.25555555555555554,0.18055555555555555,0.19444444444444445,0.2,162
2023,2023_LAC_MIA,LAC,MIA,51,34,True,0.24719101123595505,0.17777777777777778,0.20588235294117646,0.06451612903225806,179
2023,2023_LAC_MIA,LAC,MIA,40,26,True,0.1875,0.16216216216216217,0.10810810810810811,0.08695652173913043,170
2023,2023_LAC_MIL,LAC,MIL,45,39,True,0.1978021978021978,0.2465753424657534,0.21951219512195122,0.15789473684210525,164
2023,2023_LAC_MIL,LAC,MIL,44,37,True,0.21739130434782608,0.19540229885057472,0.12903225806451613,0.0967741935483871,179
2023,2023_LAC_MIN,LAC,MIN,81,44,True,0.3148148148148148,0.2087912087912088,0.3333333333333333,0.1935483870967742,199
2023,2023_LAC_MIN,LAC,MIN,45,41,True,0.2,0.19767441860465115,0.18421052631578946,0.23333333333333334,181
2023,2023_LAC_NOP,LAC,NOP,39,30,True,0.23076923076923078,0.16091954022988506,0.10344827586206896,0.08,165
2023,2023_LAC_NOP,LAC,NOP,44,52,False,0.19,0.2608695652173913,0.13333333333333333,0.15384615384615385,192
2023,2023_LAC_NYK,LAC,NYK,52,39,True,0.25274725274725274,0.22972972972972974,0.17142857142857143,0.16666666666666666,165
2023,2023_LAC_NYK,LAC,NYK,42,63,False,0.225,0.2523364485981308,0.1875,0.21428571428571427,187
2023,2023_LAC_OKC,LAC,OKC,39,49,False,0.2,0.21,0.08823529411764706,0.175,190
2023,2023_LAC_OKC,LAC,OKC,60,51,True,0.2727272727272727,0.24175824175824176,0.17142857142857143,0.2,190
2023,2023_LAC_ORL,LAC,ORL,45,44,True,0.2111111111111111,0.22093023255813954,0.23333333333333334,0.20689655172413793,176
2023,2023_LAC_ORL,LAC,ORL,62,38,True,0.2826086956521739,0.21333333333333335,0.24390243902439024,0.21428571428571427,167
2023,2023_LAC_PHI,LAC,PHI,63,35,True,0.27835051546391754,0.18604651162790697,0.24324324324324326,0.125,183
2023,2023_LAC_PHI,LAC,PHI,38,46,False,0.19540229885057472,0.19,0.16666666666666666,0.21621621621621623,187
2023,2023_LAC_PHX,LAC,PHX,53,48,True,0.2804878048780488,0.2619047619047619,0.2413793103448276,0.16666666666666666,166
2023,2023_LAC_PHX,LAC,PHX,45,40,True,0.2127659574468085,0.23684210526315788,0.2,0.12121212121212122,170
2023,2023_LAC_POR,LAC,POR,61,48,True,0.2857142857142857,0.2222222222222222,0.2647058823529412,0.24242424242424243,181
2023,2023_LAC_POR,LAC,POR,43,58,False,0.21505376344086022,0.2962962962962963,0.09090909090909091,0.2631578947368421,174
2023,2023_LAC_SAC,LAC,SAC,55,48,True,0.25287356321839083,0.23255813953488372,0.3055555555555556,0.24242424242424243,173
2023,2023_LAC_SAC,LAC,SAC,42,27,True,0.2159090909090909,0.13414634146341464,0.125,0.18518518518518517,170
2023,2023_LAC_SAS,LAC,SAS,65,32,True,0.3411764705882353,0.175,0.21212121212121213,0.13333333333333333,165
2023,2023_LAC_SAS,LAC,SAS,51,21,True,0.22772277227722773,0.14705882352941177,0.12195121951219512,0.037037037037037035,169
2023,2023_LAC_TOR,LAC,TOR,58,38,True,0.325,0.20481927710843373,0.21428571428571427,0.10526315789473684,163
2023,2023_LAC_TOR,LAC,TOR,52,63,False,0.26436781609195403,0.24509803921568626,0.2608695652173913,0.325,189
2023,2023_LAC_UTA,LAC,UTA,57,32,True,0.26881720430107525,0.15053763440860216,0.21212121212121213,0.10256410256410256,186
2023,2023_LAC_UTA,LAC,UTA,60,46,True,0.28888888888888886,0.27631578947368424,0.23529411764705882,0.18181818181818182,166
2023,2023_LAC_WAS,LAC,WAS,66,32,True,0.25961538461538464,0.17073170731707318,0.26666666666666666,0.13333333333333333,186
2023,2023_LAC_WAS,LAC,WAS,53,47,True,0.24242424242424243,0.23076923076923078,0.1388888888888889,0.12195121951219512,190
2023,2023_LAL_MEM,LAL,MEM,47,53,False,0.19387755102040816,0.22772277227722773,0.23684210526315788,0.21875,199
2023,2023_LAL_MEM,LAL,MEM,59,63,False,0.28735632183908044,0.2872340425531915,0.2727272727272727,0.24324324324324326,181
2023,2023_LAL_MIA,LAL,MIA,31,37,False,0.15384615384615385,0.22535211267605634,0.10714285714285714,0.23809523809523808,162
2023,2023_LAL_MIA,LAL,MIA,32,63,False,0.13725490196078433,0.29545454545454547,0.10526315789473684,0.3235294117647059,190
2023,2023_LAL_MIL,LAL,MIL,50,55,False,0.2391304347826087,0.25742574257425743,0.1875,0.1111111111111111,193
2023,2023_LAL_MIL,LAL,MIL,36,43,False,0.20512820512820512,0.22988505747126436,0.13333333333333333,0.125,165
2023,2023_LAL_MIN,LAL,MIN,57,44,True,0.24242424242424243,0.22988505747126436,0.2727272727272727,0.11764705882352941,186
2023,2023_LAL_MIN,LAL,MIN,50,50,False,0.26136363636363635,0.28205128205128205,0.16666666666666666,0.21428571428571427,166
2023,2023_LAL_NOP,LAL,NOP,49,21,True,0.2619047619047619,0.12195121951219512,0.16666666666666666,0.029411764705882353,166
2023,2023_LAL_NOP,LAL,NOP,49,40,True,0.21153846153846154,0.20454545454545456,0.14285714285714285,0.16,192
2023,2023_LAL_NYK,LAL,NYK,37,47,False,0.18181818181818182,0.22988505747126436,0.14285714285714285,0.22580645161290322,175
2023,2023_LAL_NYK,LAL,NYK,48,38,True,0.23863636363636365,0.225,0.1875,0.06666666666666667,168
2023,2023_LAL_OKC,LAL,OKC,45,33,True,0.25316455696202533,0.1724137931034483,0.1388888888888889,0.08571428571428572,166
2023,2023_LAL_OKC,LAL,OKC,41,53,False,0.16981132075471697,0.23655913978494625,0.11904761904761904,0.28125,199
2023,2023_LAL_ORL,LAL,ORL,42,41,True,0.22077922077922077,0.20689655172413793,0.2857142857142857,0.1724137931034483,164
2023,2023_LAL_ORL,LAL,ORL,35,59,False,0.16853932584269662,0.24761904761904763,0.1724137931034483,0.16666666666666666,194
2023,2023_LAL_PHI,LAL,PHI,50,63,False,0.21,0.28865979381443296,0.2,0.21212121212121213,197
2023,2023_LAL_PHI,LAL,PHI,57,47,True,0.25252525252525254,0.26582278481012656,0.23333333333333334,0.25,178
2023,2023_LAL_PHX,LAL,PHX,51,54,False,0.22,0.25510204081632654,0.2,0.10256410256410256,198
2023,2023_LAL_PHX,LAL,PHX,34,55,False,0.17721518987341772,0.2840909090909091,0.16216216216216217,0.20833333333333334,167
2023,2023_LAL_POR,LAL,POR,51,32,True,0.1896551724137931,0.189873417721519,0.175,0.08,195
2023,2023_LAL_POR,LAL,POR,33,40,False,0.1744186046511628,0.225,0.08571428571428572,0.14814814814814814,166
2023,2023_LAL_SAC,LAL,SAC,56,32,True,0.25806451612903225,0.14423076923076922,0.2222222222222222,0.08,197
2023,2023_LAL_SAC,LAL,SAC,47,22,True,0.1941747572815534,0.11235955056179775,0.1794871794871795,0.05714285714285714,192
2023,2023_LAL_SAS,LAL,SAS,55,33,True,0.25,0.19230769230769232,0.2,0.15789473684210525,174
2023,2023_LAL_SAS,LAL,SAS,51,44,True,0.21296296296296297,0.20224719101123595,0.125,0.2222222222222222,197
2023,2023_LAL_TOR,LAL,TOR,33,64,False,0.1927710843373494,0.3333333333333333,0.038461538461538464,0.34285714285714286,161
2023,2023_LAL_TOR,LAL,TOR,38,31,True,0.18181818181818182,0.2,0.06666666666666667,0.125,169
2023,2023_LAL_UTA,LAL,UTA,45,53,False,0.2222222222222222,0.22549019607843138,0.13513513513513514,0.19444444444444445,192
2023,2023_LAL_UTA,LAL,UTA,44,36,True,0.2111111111111111,0.20481927710843373,0.17647058823529413,0.06896551724137931,173
2023,2023_LAL_WAS,LAL,WAS,64,27,True,0.29896907216494845,0.16666666666666666,0.18181818181818182,0.11538461538461539,169
2023,2023_LAL_WAS,LAL,WAS,50,61,False,0.22727272727272727,0.26,0.30303030303030304,0.225,188
2023,2023_MEM_MIA,MEM,MIA,39,55,False,0.21621621621621623,0.2553191489361702,0.2692307692307692,0.1794871794871795,168
2023,2023_MEM_MIA,MEM,MIA,34,39,False,0.17045454545454544,0.19767441860465115,0.13333333333333333,0.13157894736842105,174
2023,2023_MEM_MIL,MEM,MIL,32,52,False,0.14285714285714285,0.26436781609195403,0.05555555555555555,0.23076923076923078,192
2023,2023_MEM_MIL,MEM,MIL,46,58,False,0.2079207920792079,0.2708333333333333,0.13793103448275862,0.16216216216216217,197
2023,2023_MEM_MIN,MEM,MIN,51,35,True,0.23711340206185566,0.16,0.1724137931034483,0.09090909090909091,197
2023,2023_MEM_MIN,MEM,MIN,45,47,False,0.22093023255813954,0.23595505617977527,0.23333333333333334,0.14285714285714285,175
2023,2023_MEM_NOP,MEM,NOP,34,77,False,0.17073170731707318,0.3148148148148148,0.2222222222222222,0.23684210526315788,190
2023,2023_MEM_NOP,MEM,NOP,45,51,False,0.2441860465116279,0.22772277227722773,0.10344827586206896,0.15625,187
2023,2023_MEM_NYK,MEM,NYK,56,33,True,0.23893805309734514,0.1511627906976744,0.05555555555555555,0.17073170731707318,199
2023,2023_MEM_NYK,MEM,NYK,29,41,False,0.13186813186813187,0.23076923076923078,0.14705882352941177,0.22727272727272727,169
2023,2023_MEM_OKC,MEM,OKC,46,54,False,0.18867924528301888,0.26666666666666666,0.14634146341463414,0.1935483870967742,196
2023,2023_MEM_OKC,MEM,OKC,29,40,False,0.11650485436893204,0.22784810126582278,0.11627906976744186,0.15384615384615385,182
2023,2023_MEM_ORL,MEM,ORL,44,27,True,0.2235294117647059,0.14814814814814814,0.2,0.09375,166
2023,2023_MEM_ORL,MEM,ORL,46,26,True,0.21978021978021978,0.15584415584415584,0.17647058823529413,0.08333333333333333,168
2023,2023_MEM_PHI,MEM,PHI,42,26,True,0.19047619047619047,0.1375,0.05714285714285714,0.1,185
2023,2023_MEM_PHI,MEM,PHI,40,39,True,0.20224719101123595,0.20833333333333334,0.14814814814814814,0.24324324324324326,161
2023,2023_MEM_PHX,MEM,PHX,27,37,False,0.1348314606741573,0.21794871794871795,0.09375,0.1,167
2023,2023_MEM_PHX,MEM,PHX,42,25,True,0.18627450980392157,0.12790697674418605,0.11428571428571428,0.1,188
2023,2023_MEM_POR,MEM,POR,42,54,False,0.19148936170212766,0.25,0.18181818181818182,0.2222222222222222,186
2023,2023_MEM_POR,MEM,POR,39,41,False,0.225,0.20652173913043478,0.13043478260869565,0.08823529411764706,172
2023,2023_MEM_SAC,MEM,SAC,40,39,True,0.21176470588235294,0.2125,0.15384615384615385,0.15625,165
2023,2023_MEM_SAC,MEM,SAC,41,42,False,0.18556701030927836,0.20652173913043478,0.12195121951219512,0.125,189
2023,2023_MEM_SAS,MEM,SAS,43,38,True,0.2,0.2,0.2,0.11764705882352941,180
2023,2023_MEM_SAS,MEM,SAS,41,43,False,0.19318181818181818,0.2087912087912088,0.175,0.21739130434782608,179
2023,2023_MEM_TOR,MEM,TOR,43,36,True,0.21978021978021978,0.2073170731707317,0.10714285714285714,0.07407407407407407,173
2023,2023_MEM_TOR,MEM,TOR,32,30,True,0.15730337078651685,0.1917808219178082,0.14285714285714285,0.08,162
2023,2023_MEM_UTA,MEM,UTA,37,50,False,0.15315315315315314,0.25,0.09090909090909091,0.14634146341463414,199
2023,2023_MEM_UTA,MEM,UTA,59,41,True,0.22522522522522523,0.24390243902439024,0.1956521739130435,0.04,193
2023,2023_MEM_WAS,MEM,WAS,34,49,False,0.19753086419753085,0.23333333333333334,0.08333333333333333,0.2413793103448276,171
2023,2023_MEM_WAS,MEM,WAS,44,24,True,0.1919191919191919,0.1518987341772152,0.15,0.0,178
2023,2023_MIA_MIL,MIA,MIL,57,52,True,0.2826086956521739,0.26136363636363635,0.1724137931034483,0.21428571428571427,180
2023,2023_MIA_MIL,MIA,MIL,65,52,True,0.28431372549019607,0.26373626373626374,0.2916666666666667,0.14814814814814814,193
2023,2023_MIA_MIN,MIA,MIN,55,41,True,0.25510204081632654,0.23255813953488372,0.2,0.05263157894736842,184
2023,2023_MIA_MIN,MIA,MIN,30,53,False,0.1780821917808219,0.24175824175824176,0.2,0.24324324324324326,164
2023,2023_MIA_NOP,MIA,NOP,28,37,False,0.125,0.21518987341772153,0.11428571428571428,0.1,175
2023,2023_MIA_NOP,MIA,NOP,52,22,True,0.23232323232323232,0.09574468085106383,0.16216216216216217,0.10810810810810811,193
2023,2023_MIA_NYK,MIA,NYK,49,53,False,0.23711340206185566,0.25252525252525254,0.12,0.0967741935483871,196
2023,2023_MIA_NYK,MIA,NYK,47,58,False,0.22340425531914893,0.2926829268292683,0.25,0.3125,176
2023,2023_MIA_OKC,MIA,OKC,37,30,True,0.22077922077922077,0.13978494623655913,0.12,0.10810810810810811,170
2023,2023_MIA_OKC,MIA,OKC,42,37,True,0.1978021978021978,0.1827956989247312,0.20689655172413793,0.09375,184
2023,2023_MIA_ORL,MIA,ORL,55,45,True,0.28888888888888886,0.21212121212121213,0.08571428571428572,0.11538461538461539,189
2023,2023_MIA_ORL,MIA,ORL,50,39,True,0.2268041237113402,0.225,0.16216216216216217,0.14285714285714285,177
2023,2023_MIA_PHI,MIA,PHI,38,45,False,0.18556701030927836,0.19607843137254902,0.06896551724137931,0.15625,199
2023,2023_MIA_PHI,MIA,PHI,54,38,True,0.21621621621621623,0.2125,0.15789473684210525,0.12903225806451613,191
2023,2023_MIA_PHX,MIA,PHX,24,41,False,0.12790697674418605,0.19148936170212766,0.08,0.14705882352941177,180
2023,2023_MIA_PHX,MIA,PHX,49,49,False,0.20388349514563106,0.25842696629213485,0.1891891891891892,0.125,192
2023,2023_MIA_POR,MIA,POR,47,49,False,0.22105263157894736,0.20833333333333334,0.15151515151515152,0.20930232558139536,191
2023,2023_MIA_POR,MIA,POR,59,42,True,0.27956989247311825,0.20212765957446807,0.2413793103448276,0.12121212121212122,187
2023,2023_MIA_SAC,MIA,SAC,60,47,True,0.24752475247524752,0.26666666666666666,0.25,0.25925925925925924,176
2023,2023_MIA_SAC,MIA,SAC,38,32,True,0.20512820512820512,0.16666666666666666,0.18181818181818182,0.12903225806451613,162
2023,2023_MIA_SAS,MIA,SAS,47,26,True,0.21649484536082475,0.13253012048192772,0.18518518518518517,0.125,180
2023,2023_MIA_SAS,MIA,SAS,54,20,True,0.23,0.12162162162162163,0.25,0.05555555555555555,174
2023,2023_MIA_TOR,MIA,TOR,47,32,True,0.24705882352941178,0.1625,0.15151515151515152,0.1875,165
2023,2023_MIA_TOR,MIA,TOR,48,54,False,0.2268041237113402,0.22916666666666666,0.11428571428571428,0.2631578947368421,193
2023,2023_MIA_UTA,MIA,UTA,53,41,True,0.20952380952380953,0.21348314606741572,0.225,0.13636363636363635,194
2023,2023_MIA_UTA,MIA,UTA,35,48,False,0.16129032258064516,0.2625,0.14705882352941177,0.24,173
2023,2023_MIA_WAS,MIA,WAS,39,35,True,0.18181818181818182,0.1702127659574468,0.10344827586206896,0.0967741935483871,193
2023,2023_MIA_WAS,MIA,WAS,77,39,True,0.2894736842105263,0.20987654320987653,0.24444444444444444,0.1388888888888889,195
2023,2023_MIL_MIN,MIL,MIN,58,50,True,0.26373626373626374,0.23711340206185566,0.2564102564102564,0.10810810810810811,188
2023,2023_MIL_MIN,MIL,MIN,50,44,True,0.22916666666666666,0.2597402597402597,0.18181818181818182,0.13333333333333333,173
2023,2023_MIL_NOP,MIL,NOP,43,34,True,0.23255813953488372,0.189873417721519,0.09090909090909091,0.12903225806451613,165
2023,2023_MIL_NOP,MIL,NOP,62,37,True,0.27184466019417475,0.16666666666666666,0.14285714285714285,0.16279069767441862,193
2023,2023_MIL_NYK,MIL,NYK,41,43,False,0.2345679012345679,0.1836734693877551,0.0967741935483871,0.18421052631578946,179
2023,2023_MIL_NYK,MIL,NYK,68,40,True,0.32323232323232326,0.20481927710843373,0.14285714285714285,0.18181818181818182,182
2023,2023_MIL_OKC,MIL,OKC,48,65,False,0.22727272727272727,0.29292929292929293,0.21621621621621623,0.20588235294117646,187
2023,2023_MIL_OKC,MIL,OKC,55,26,True,0.24509803921568626,0.171875,0.1282051282051282,0.17391304347826086,166
2023,2023_MIL_ORL,MIL,ORL,51,37,True,0.26136363636363635,0.1744186046511628,0.17857142857142858,0.2,174
2023,2023_MIL_ORL,MIL,ORL,31,35,False,0.16666666666666666,0.17777777777777778,0.07692307692307693,0.0967741935483871,174
2023,2023_MIL_PHI,MIL,PHI,52,46,True,0.23958333333333334,0.24050632911392406,0.15,0.25806451612903225,175
2023,2023_MIL_PHI,MIL,PHI,43,34,True,0.21649484536082475,0.19736842105263158,0.025,0.14285714285714285,173
2023,2023_MIL_PHX,MIL,PHX,40,48,False,0.1956521739130435,0.2,0.10810810810810811,0.14285714285714285,197
2023,2023_MIL_PHX,MIL,PHX,47,51,False,0.18691588785046728,0.25842696629213485,0.18421052631578946,0.15151515151515152,196
2023,2023_MIL_POR,MIL,POR,43,40,True,0.2345679012345679,0.21839080459770116,0.17857142857142858,0.047619047619047616,168
2023,2023_MIL_POR,MIL,POR,51,31,True,0.24719101123595505,0.17721518987341772,0.21212121212121213,0.1875,168
2023,2023_MIL_SAC,MIL,SAC,62,51,True,0.3111111111111111,0.22916666666666666,0.1875,0.2,186
2023,2023_MIL_SAC,MIL,SAC,65,49,True,0.3333333333333333,0.20952380952380953,0.19444444444444445,0.13513513513513514,192
2023,2023_MIL_SAS,MIL,SAS,55,39,True,0.23,0.19318181818181818,0.3,0.18518518518518517,188
2023,2023_MIL_SAS,MIL,SAS,61,54,True,0.27722772277227725,0.26436781609195403,0.1724137931034483,0.26666666666666666,188
2023,2023_MIL_TOR,MIL,TOR,36,34,True,0.22058823529411764,0.15053763440860216,0.21428571428571427,0.15789473684210525,161
2023,2023_MIL_TOR,MIL,TOR,40,51,False,0.2235294117647059,0.24742268041237114,0.07692307692307693,0.08108108108108109,182
2023,2023_MIL_UTA,MIL,UTA,46,39,True,0.2159090909090909,0.20512820512820512,0.2857142857142857,0.23333333333333334,166
2023,2023_MIL_UTA,MIL,UTA,49,44,True,0.23655913978494625,0.2087912087912088,0.15151515151515152,0.17647058823529413,184
2023,2023_MIL_WAS,MIL,WAS,54,32,True,0.24242424242424243,0.16304347826086957,0.17647058823529413,0.08,191
2023,2023_MIL_WAS,MIL,WAS,51,31,True,0.25,0.1566265060240964,0.1891891891891892,0.23809523809523808,171
2023,2023_MIN_NOP,MIN,NOP,36,31,True,0.18181818181818182,0.15053763440860216,0.09302325581395349,0.10344827586206896,181
2023,2023_MIN_NOP,MIN,NOP,33,49,False,0.17045454545454544,0.22826086956521738,0.08823529411764706,0.20588235294117646,180
2023,2023_MIN_NYK,MIN,NYK,45,56,False,0.22580645161290322,0.325,0.11538461538461539,0.18181818181818182,173
2023,2023_MIN_NYK,MIN,NYK,32,57,False,0.1917808219178082,0.27586206896551724,0.13793103448275862,0.2903225806451613,160
2023,2023_MIN_OKC,MIN,OKC,48,51,False,0.23529411764705882,0.21649484536082475,0.2857142857142857,0.24324324324324326,182
2023,2023_MIN_OKC,MIN,OKC,35,24,True,0.1724137931034483,0.14473684210526316,0.18518518518518517,0.06666666666666667,163
2023,2023_MIN_ORL,MIN,ORL,40,33,True,0.19791666666666666,0.1625,0.05555555555555555,0.2413793103448276,176
2023,2023_MIN_ORL,MIN,ORL,69,38,True,0.3253012048192771,0.1839080459770115,0.36585365853658536,0.18181818181818182,170
2023,2023_MIN_PHI,MIN,PHI,45,41,True,0.1919191919191919,0.20689655172413793,0.19444444444444445,0.1724137931034483,186
2023,2023_MIN_PHI,MIN,PHI,54,53,True,0.25,0.25,0.2222222222222222,0.10344827586206896,192
2023,2023_MIN_PHX,MIN,PHX,51,46,True,0.23958333333333334,0.2564102564102564,0.2,0.24,174
2023,2023_MIN_PHX,MIN,PHX,52,45,True,0.24175824175824176,0.24096385542168675,0.21052631578947367,0.17857142857142858,174
2023,2023_MIN_POR,MIN,POR,43,28,True,0.21348314606741572,0.1780821917808219,0.125,0.08333333333333333,162
2023,2023_MIN_POR,MIN,POR,30,70,False,0.1368421052631579,0.3,0.09302325581395349,0.25,195
2023,2023_MIN_SAC,MIN,SAC,28,53,False,0.1326530612244898,0.26373626373626374,0.04878048780487805,0.16129032258064516,189
2023,2023_MIN_SAC,MIN,SAC,57,62,False,0.2608695652173913,0.28421052631578947,0.2727272727272727,0.25,187
2023,2023_MIN_SAS,MIN,SAS,44,31,True,0.25333333333333335,0.14772727272727273,0.21428571428571427,0.15625,163
2023,2023_MIN_SAS,MIN,SAS,44,31,True,0.23529411764705882,0.16666666666666666,0.11764705882352941,0.18518518518518517,163
2023,2023_MIN_TOR,MIN,TOR,29,57,False,0.13333333333333333,0.22772277227722773,0.125,0.275,191
2023,2023_MIN_TOR,MIN,TOR,47,51,False,0.2247191011235955,0.21904761904761905,0.21212121212121213,0.14285714285714285,194
2023,2023_MIN_UTA,MIN,UTA,65,45,True,0.29591836734693877,0.21505376344086022,0.2,0.1724137931034483,191
2023,2023_MIN_UTA,MIN,UTA,43,29,True,0.20481927710843373,0.14444444444444443,0.3,0.10344827586206896,173
2023,2023_MIN_WAS,MIN,WAS,37,42,False,0.17204301075268819,0.21176470588235294,0.1724137931034483,0.23076923076923078,178
2023,2023_MIN_WAS,MIN,WAS,69,38,True,0.34065934065934067,0.18478260869565216,0.30434782608695654,0.11764705882352941,183
2023,2023_NOP_NYK,NOP,NYK,60,55,True,0.3023255813953488,0.2608695652173913,0.26666666666666666,0.20588235294117646,178
2023,2023_NOP_NYK,NOP,NYK,38,47,False,0.16161616161616163,0.22105263157894736,0.14285714285714285,0.1724137931034483,194
2023,2023_NOP_OKC,NOP,OKC,32,45,False,0.16853932584269662,0.2159090909090909,0.07142857142857142,0.2,177
2023,2023_NOP_OKC,NOP,OKC,35,32,True,0.189873417721519,0.15384615384615385,0.18518518518518517,0.10256410256410256,170
2023,2023_NOP_ORL,NOP,ORL,36,28,True,0.16666666666666666,0.1511627906976744,0.13333333333333333,0.07407407407407407,182
2023,2023_NOP_ORL,NOP,ORL,58,42,True,0.24752475247524752,0.21839080459770116,0.26666666666666666,0.125,188
2023,2023_NOP_PHI,NOP,PHI,47,36,True,0.1891891891891892,0.2191780821917808,0.1282051282051282,0.17391304347826086,184
2023,2023_NOP_PHI,NOP,PHI,54,52,True,0.24468085106382978,0.23711340206185566,0.24242424242424243,0.1875,191
2023,2023_NOP_PHX,NOP,PHX,37,56,False,0.18823529411764706,0.2926829268292683,0.18518518518518517,0.3333333333333333,167
2023,2023_NOP_PHX,NOP,PHX,51,48,True,0.21904761904761905,0.24719101123595505,0.11904761904761904,0.12121212121212122,194
2023,2023_NOP_POR,NOP,POR,41,44,False,0.19148936170212766,0.2,0.13513513513513514,0.16666666666666666,189
2023,2023_NOP_POR,NOP,POR,38,61,False,0.1875,0.2765957446808511,0.06896551724137931,0.2647058823529412,190
2023,2023_NOP_SAC,NOP,SAC,26,37,False,0.13095238095238096,0.18604651162790697,0.12903225806451613,0.16129032258064516,170
2023,2023_NOP_SAC,NOP,SAC,37,48,False,0.17777777777777778,0.25609756097560976,0.1388888888888889,0.1935483870967742,172
2023,2023_NOP_SAS,NOP,SAS,63,43,True,0.29473684210526313,0.2465753424657534,0.28,0.25925925925925924,168
2023,2023_NOP_SAS,NOP,SAS,51,39,True,0.23655913978494625,0.20930232558139536,0.25,0.11538461538461539,179
2023,2023_NOP_TOR,NOP,TOR,36,49,False,0.18888888888888888,0.20952380952380953,0.08,0.16666666666666666,195
2023,2023_NOP_TOR,NOP,TOR,46,36,True,0.2289156626506024,0.19480519480519481,0.24242424242424243,0.2222222222222222,160
2023,2023_NOP_UTA,NOP,UTA,42,33,True,0.21978021978021978,0.18518518518518517,0.058823529411764705,0.08333333333333333,172
2023,2023_NOP_UTA,NOP,UTA,46,39,True,0.24096385542168675,0.21428571428571427,0.1875,0.10344827586206896,167
2023,2023_NOP_WAS,NOP,WAS,53,47,True,0.24742268041237114,0.25301204819277107,0.12195121951219512,0.16129032258064516,180
2023,2023_NOP_WAS,NOP,WAS,33,40,False,0.18421052631578946,0.2,0.15151515151515152,0.1875,161
2023,2023_NYK_OKC,NYK,OKC,42,32,True,0.2,0.16304347826086957,0.05555555555555555,0.05263157894736842,192
2023,2023_NYK_OKC,NYK,OKC,35,47,False,0.19047619047619047,0.20430107526881722,0.09090909090909091,0.21428571428571427,177
2023,2023_NYK_ORL,NYK,ORL,52,32,True,0.27058823529411763,0.2,0.2222222222222222,0.09090909090909091,160
2023,2023_NYK_ORL,NYK,ORL,45,54,False,0.18018018018018017,0.26436781609195403,0.12195121951219512,0.21621621621621623,198
2023,2023_NYK_PHI,NYK,PHI,57,71,False,0.22935779816513763,0.3333333333333333,0.21875,0.28205128205128205,199
2023,2023_NYK_PHI,NYK,PHI,22,41,False,0.09574468085106383,0.2222222222222222,0.14285714285714285,0.18518518518518517,175
2023,2023_NYK_PHX,NYK,PHX,38,72,False,0.24675324675324675,0.36904761904761907,0.0,0.30303030303030304,161
2023,2023_NYK_PHX,NYK,PHX,42,79,False,0.1978021978021978,0.3673469387755102,0.15,0.2413793103448276,189
2023,2023_NYK_POR,NYK,POR,50,37,True,0.21,0.2073170731707317,0.22857142857142856,0.11538461538461539,182
2023,2023_NYK_POR,NYK,POR,50,41,True,0.24175824175824176,0.2261904761904762,0.20689655172413793,0.1,175
2023,2023_NYK_SAC,NYK,SAC,50,35,True,0.2413793103448276,0.18604651162790697,0.24242424242424243,0.1,173
2023,2023_NYK_SAC,NYK,SAC,57,25,True,0.25773195876288657,0.12222222222222222,0.18421052631578946,0.08333333333333333,187
2023,2023_NYK_SAS,NYK,SAS,56,33,True,0.2608695652173913,0.18421052631578946,0.21052631578947367,0.2,168
2023,2023_NYK_SAS,NYK,SAS,52,25,True,0.26506024096385544,0.12048192771084337,0.2857142857142857,0.15151515151515152,166
2023,2023_NYK_TOR,NYK,TOR,55,18,True,0.2553191489361702,0.13636363636363635,0.16666666666666666,0.0,160
2023,2023_NYK_TOR,NYK,TOR,40,29,True,0.21951219512195122,0.1794871794871795,0.26666666666666666,0.03571428571428571,160
2023,2023_NYK_UTA,NYK,UTA,51,36,True,0.2376237623762376,0.15306122448979592,0.09090909090909091,0.2222222222222222,199
2023,2023_NYK_UTA,NYK,UTA,49,34,True,0.23863636363636365,0.1728395061728395,0.2413793103448276,0.17647058823529413,169
2023,2023_NYK_WAS,NYK,WAS,52,33,True,0.23711340206185566,0.17045454545454544,0.14285714285714285,0.10714285714285714,185
2023,2023_NYK_WAS,NYK,WAS,39,46,False,0.19767441860465115,0.18691588785046728,0.2,0.14634146341463414,193
2023,2023_OKC_ORL,OKC,ORL,31,56,False,0.14432989690721648,0.32857142857142857,0.11538461538461539,0.4166666666666667,167
2023,2023_OKC_ORL,OKC,ORL,42,45,False,0.2375,0.23170731707317074,0.14285714285714285,0.21212121212121213,162
2023,2023_OKC_PHI,OKC,PHI,26,53,False,0.13953488372093023,0.2926829268292683,0.06060606060606061,0.16129032258064516,168
2023,2023_OKC_PHI,OKC,PHI,33,49,False,0.17073170731707318,0.26582278481012656,0.19230769230769232,0.25,161
2023,2023_OKC_PHX,OKC,PHX,53,57,False,0.23157894736842105,0.3023255813953488,0.2727272727272727,0.18518518518518517,181
2023,2023_OKC_PHX,OKC,PHX,50,43,True,0.27058823529411763,0.2087912087912088,0.13333333333333333,0.12195121951219512,176
2023,2023_OKC_POR,OKC,POR,60,33,True,0.23008849557522124,0.18072289156626506,0.21621621621621623,0.13043478260869565,196
2023,2023_OKC_POR,OKC,POR,43,38,True,0.1875,0.1927710843373494,0.1891891891891892,0.18181818181818182,179
2023,2023_OKC_SAC,OKC,SAC,56,59,False,0.26595744680851063,0.26595744680851063,0.18181818181818182,0.25,188
2023,2023_OKC_SAC,OKC,SAC,50,36,True,0.23595505617977527,0.2222222222222222,0.2,0.15384615384615385,161
2023,2023_OKC_SAS,OKC,SAS,50,24,True,0.26744186046511625,0.12359550561797752,0.12903225806451613,0.06451612903225806,175
2023,2023_OKC_SAS,OKC,SAS,64,34,True,0.2647058823529412,0.1728395061728395,0.19230769230769232,0.1935483870967742,183
2023,2023_OKC_TOR,OKC,TOR,45,58,False,0.17307692307692307,0.29411764705882354,0.2571428571428571,0.24242424242424243,189
2023,2023_OKC_TOR,OKC,TOR,43,43,False,0.20652173913043478,0.23170731707317074,0.1388888888888889,0.18518518518518517,174
2023,2023_OKC_UTA,OKC,UTA,26,27,False,0.12941176470588237,0.14102564102564102,0.16666666666666666,0.15151515151515152,163
2023,2023_OKC_UTA,OKC,UTA,33,33,False,0.17045454545454544,0.18072289156626506,0.0967741935483871,0.1111111111111111,171
2023,2023_OKC_WAS,OKC,WAS,49,22,True,0.25,0.12162162162162163,0.1724137931034483,0.13333333333333333,162
2023,2023_OKC_WAS,OKC,WAS,60,38,True,0.2708333333333333,0.18681318681318682,0.3076923076923077,0.14285714285714285,187
2023,2023_ORL_PHI,ORL,PHI,61,39,True,0.28865979381443296,0.17708333333333334,0.16666666666666666,0.1724137931034483,193
2023,2023_ORL_PHI,ORL,PHI,39,67,False,0.18604651162790697,0.2702702702702703,0.23333333333333334,0.1794871794871795,197
2023,2023_ORL_PHX,ORL,PHX,40,52,False,0.20987654320987653,0.25842696629213485,0.20689655172413793,0.1875,170
2023,2023_ORL_PHX,ORL,PHX,33,71,False,0.20270270270270271,0.34408602150537637,0.11538461538461539,0.25925925925925924,167
2023,2023_ORL_POR,ORL,POR,41,35,True,0.1956521739130435,0.19718309859154928,0.1282051282051282,0.3333333333333333,163
2023,2023_ORL_POR,ORL,POR,48,40,True,0.19811320754716982,0.225,0.15,0.16666666666666666,186
2023,2023_ORL_SAC,ORL,SAC,26,49,False,0.14102564102564102,0.2441860465116279,0.10810810810810811,0.2413793103448276,164
2023,2023_ORL_SAC,ORL,SAC,40,37,True,0.22077922077922077,0.17204301075268819,0.1875,0.13513513513513514,170
2023,2023_ORL_SAS,ORL,SAS,52,42,True,0.2553191489361702,0.21839080459770116,0.125,0.12903225806451613,181
2023,2023_ORL_SAS,ORL,SAS,23,37,False,0.125,0.20987654320987653,0.08823529411764706,0.12,161
2023,2023_ORL_TOR,ORL,TOR,62,45,True,0.24545454545454545,0.24096385542168675,0.2222222222222222,0.18518518518518517,193
2023,2023_ORL_TOR,ORL,TOR,20,62,False,0.10975609756097561,0.32142857142857145,0.06896551724137931,0.24242424242424243,166
2023,2023_ORL_UTA,ORL,UTA,40,30,True,0.17857142857142858,0.1728395061728395,0.25,0.08695652173913043,165
2023,2023_ORL_UTA,ORL,UTA,40,27,True,0.2,0.14473684210526316,0.125,0.14705882352941177,166
2023,2023_ORL_WAS,ORL,WAS,34,45,False,0.16279069767441862,0.20224719101123595,0.17647058823529413,0.24324324324324326,175
2023,2023_ORL_WAS,ORL,WAS,36,39,False,0.16666666666666666,0.2073170731707317,0.05555555555555555,0.15625,184
2023,2023_PHI_PHX,PHI,PHX,40,53,False,0.1553398058252427,0.30666666666666664,0.18604651162790697,0.2692307692307692,178
2023,2023_PHI_PHX,PHI,PHX,40,41,False,0.21428571428571427,0.1956521739130435,0.11764705882352941,0.1388888888888889,176
2023,2023_PHI_POR,PHI,POR,41,44,False,0.20930232558139536,0.2087912087912088,0.14705882352941177,0.18181818181818182,177
2023,2023_PHI_POR,PHI,POR,45,47,False,0.23170731707317074,0.21739130434782608,0.2,0.2413793103448276,174
2023,2023_PHI_SAC,PHI,SAC,50,30,True,0.23655913978494625,0.1511627906976744,0.17647058823529413,0.13793103448275862,179
2023,2023_PHI_SAC,PHI,SAC,46,31,True,0.25925925925925924,0.16666666666666666,0.17391304347826086,0.10714285714285714,165
2023,2023_PHI_SAS,PHI,SAS,60,27,True,0.2524271844660194,0.13333333333333333,0.2222222222222222,0.10714285714285714,193
2023,2023_PHI_SAS,PHI,SAS,45,38,True,0.21978021978021978,0.2073170731707317,0.1724137931034483,0.12903225806451613,173
2023,2023_PHI_TOR,PHI,TOR,42,43,False,0.24675324675324675,0.20212765957446807,0.16666666666666666,0.14705882352941177,171
2023,2023_PHI_TOR,PHI,TOR,57,48,True,0.2403846153846154,0.2876712328767123,0.2413793103448276,0.20689655172413793,177
2023,2023_PHI_UTA,PHI,UTA,61,31,True,0.2828282828282828,0.18072289156626506,0.18518518518518517,0.03571428571428571,182
2023,2023_PHI_UTA,PHI,UTA,50,38,True,0.21649484536082475,0.16831683168316833,0.1951219512195122,0.11764705882352941,198
2023,2023_PHI_WAS,PHI,WAS,41,29,True,0.23684210526315788,0.14606741573033707,0.14705882352941177,0.10344827586206896,165
2023,2023_PHI_WAS,PHI,WAS,26,28,False,0.13636363636363635,0.16666666666666666,0.058823529411764705,0.07692307692307693,166
2023,2023_PHX_POR,PHX,POR,50,29,True,0.19298245614035087,0.14814814814814814,0.16666666666666666,0.18518518518518517,195
2023,2023_PHX_POR,PHX,POR,48,52,False,0.24096385542168675,0.22330097087378642,0.25,0.17647058823529413,186
2023,2023_PHX_SAC,PHX,SAC,47,49,False,0.22826086956521738,0.2441860465116279,0.1282051282051282,0.21875,178
2023,2023_PHX_SAC,PHX,SAC,44,42,True,0.2375,0.1875,0.2,0.2,176
2023,2023_PHX_SAS,PHX,SAS,47,36,True,0.20588235294117646,0.16091954022988506,0.17857142857142858,0.2962962962962963,189
2023,2023_PHX_SAS,PHX,SAS,60,45,True,0.2523364485981308,0.23529411764705882,0.13333333333333333,0.2,192
2023,2023_PHX_TOR,PHX,TOR,39,42,False,0.25,0.18556701030927836,0.125,0.15384615384615385,169
2023,2023_PHX_TOR,PHX,TOR,41,41,False,0.25,0.1568627450980392,0.13636363636363635,0.20930232558139536,178
2023,2023_PHX_UTA,PHX,UTA,57,42,True,0.2647058823529412,0.2261904761904762,0.13043478260869565,0.15384615384615385,186
2023,2023_PHX_UTA,PHX,UTA,55,41,True,0.2804878048780488,0.18681318681318682,0.28125,0.23333333333333334,173
2023,2023_PHX_WAS,PHX,WAS,52,30,True,0.25,0.14893617021276595,0.1935483870967742,0.05714285714285714,186
2023,2023_PHX_WAS,PHX,WAS,58,32,True,0.2976190476190476,0.1368421052631579,0.25,0.17647058823529413,179
2023,2023_POR_SAC,POR,SAC,48,39,True,0.20588235294117646,0.20689655172413793,0.15,0.1,189
2023,2023_POR_SAC,POR,SAC,51,40,True,0.24719101123595505,0.20454545454545456,0.19444444444444445,0.13333333333333333,177
2023,2023_POR_SAS,POR,SAS,59,32,True,0.25,0.13,0.2972972972972973,0.16666666666666666,196
2023,2023_POR_SAS,POR,SAS,47,43,True,0.2564102564102564,0.2222222222222222,0.2413793103448276,0.1111111111111111,168
2023,2023_POR_TOR,POR,TOR,53,38,True,0.205607476635514,0.21518987341772153,0.225,0.14285714285714285,186
2023,2023_POR_TOR,POR,TOR,48,47,True,0.23076923076923078,0.21568627450980393,0.21428571428571427,0.08571428571428572,193
2023,2023_POR_UTA,POR,UTA,50,49,True,0.21739130434782608,0.24719101123595505,0.2857142857142857,0.13513513513513514,181
2023,2023_POR_UTA,POR,UTA,50,37,True,0.20754716981132076,0.20238095238095238,0.14634146341463414,0.14285714285714285,190
2023,2023_POR_WAS,POR,WAS,52,40,True,0.24468085106382978,0.20689655172413793,0.18181818181818182,0.13333333333333333,181
2023,2023_POR_WAS,POR,WAS,29,38,False,0.14606741573033707,0.18478260869565216,0.09375,0.13333333333333333,181
2023,2023_SAC_SAS,SAC,SAS,48,57,False,0.23655913978494625,0.24,0.125,0.24324324324324326,193
2023,2023_SAC_SAS,SAC,SAS,31,40,False,0.12745098039215685,0.17894736842105263,0.14285714285714285,0.15789473684210525,197
2023,2023_SAC_TOR,SAC,TOR,45,36,True,0.21212121212121213,0.2125,0.08333333333333333,0.08,179
2023,2023_SAC_TOR,SAC,TOR,43,61,False,0.23943661971830985,0.24242424242424243,0.2571428571428571,0.3611111111111111,170
2023,2023_SAC_UTA,SAC,UTA,44,19,True,0.21505376344086022,0.11267605633802817,0.12121212121212122,0.10344827586206896,164
2023,2023_SAC_UTA,SAC,UTA,52,51,True,0.20388349514563106,0.24444444444444444,0.2631578947368421,0.18421052631578946,193
2023,2023_SAC_WAS,SAC,WAS,51,26,True,0.23469387755102042,0.14457831325301204,0.1724137931034483,0.08,181
2023,2023_SAC_WAS,SAC,WAS,34,38,False,0.17857142857142858,0.2236842105263158,0.14814814814814814,0.18181818181818182,160
2023,2023_SAS_TOR,SAS,TOR,52,42,True,0.24444444444444444,0.225,0.21621621621621623,0.2608695652173913,170
2023,2023_SAS_TOR,SAS,TOR,49,47,True,0.19444444444444445,0.22727272727272727,0.1590909090909091,0.21875,196
2023,2023_SAS_UTA,SAS,UTA,41,40,True,0.16666666666666666,0.19148936170212766,0.19444444444444445,0.09302325581395349,196
2023,2023_SAS_UTA,SAS,UTA,40,23,True,0.17346938775510204,0.11904761904761904,0.17142857142857143,0.08333333333333333,182
2023,2023_SAS_WAS,SAS,WAS,31,54,False,0.1511627906976744,0.2336448598130841,0.16129032258064516,0.0975609756097561,193
2023,2023_SAS_WAS,SAS,WAS,47,24,True,0.2247191011235955,0.14084507042253522,0.25,0.16,160
2023,2023_TOR_UTA,TOR,UTA,53,38,True,0.22727272727272727,0.21176470588235294,0.09090909090909091,0.0625,195
2023,2023_TOR_UTA,TOR,UTA,56,32,True,0.23529411764705882,0.18181818181818182,0.23529411764705882,0.15384615384615385,179
2023,2023_TOR_WAS,TOR,WAS,54,37,True,0.22115384615384615,0.1839080459770115,0.21052631578947367,0.22727272727272727,191
2023,2023_TOR_WAS,TOR,WAS,37,35,True,0.18681318681318682,0.21794871794871795,0.0967741935483871,0.041666666666666664,169
2023,2023_UTA_WAS,UTA,WAS,54,43,True,0.2839506172839506,0.2247191011235955,0.2222222222222222,0.1,170
2023,2023_UTA_WAS,UTA,WAS,36,32,True,0.21518987341772153,0.18292682926829268,0.1111111111111111,0.07142857142857142,161
