season,player,team,position,games_played,minutes_played,fga,fgm,fg_pct,three_att,three_made,three_pct,two_att,two_made,two_pct,points,ppg,ts_pct,efg_pct,usg_pct,per,paint_attempts,paint_makes,paint_pct,mid_attempts,mid_makes,mid_pct,three_attempts,three_makes,three_pct_detail,overall_rating
2022,Bam Davis,ATL,PF,29,646,690,182,0.264,249,50,0.201,441,132,0.299,414,14.3,0.259,0.3,0.35,12.2,215,83,0.386,226,49,0.217,249,50,0.201,71.7
2022,Stephen Doncic,ATL,C,29,775,648,177,0.273,229,32,0.14,419,145,0.346,386,13.3,0.258,0.298,0.35,11.6,194,88,0.454,225,57,0.253,229,32,0.14,67.9
2022,Victor Jackson Jr.,ATL,PG,29,647,684,140,0.205,255,35,0.137,429,105,0.245,315,10.9,0.198,0.23,0.35,10.1,198,65,0.328,231,40,0.173,255,35,0.137,65.7
2022,Jimmy Irving,ATL,C,57,1439,1251,297,0.237,444,71,0.16,807,226,0.28,665,11.7,0.23,0.266,0.35,10.6,366,125,0.342,441,101,0.229,444,71,0.16,64.9
2022,Scottie Doncic,ATL,PF,29,787,697,149,0.214,236,40,0.169,461,109,0.236,338,11.7,0.211,0.242,0.35,10.8,211,64,0.303,250,45,0.18,236,40,0.169,68.7
2022,Cade Irving,ATL,PG,29,822,704,135,0.192,253,36,0.142,451,99,0.22,306,10.6,0.188,0.217,0.35,10.5,208,47,0.226,243,52,0.214,253,36,0.142,69.4
2022,Victor Antetokounmpo,ATL,SG,29,764,682,169,0.248,229,41,0.179,453,128,0.283,379,13.1,0.242,0.278,0.35,10.7,204,60,0.294,249,68,0.273,229,41,0.179,63.7
2022,Karl-Anthony Cunningham,ATL,SF,29,788,707,167,0.236,246,56,0.228,461,111,0.241,390,13.4,0.239,0.276,0.35,11.8,191,57,0.298,270,54,0.2,246,56,0.228,71.2
2022,Scottie Tatum,ATL,SF,29,641,709,179,0.252,246,52,0.211,463,127,0.274,410,14.1,0.251,0.289,0.35,12.3,213,76,0.357,250,51,0.204,246,52,0.211,73.4
2022,Donovan Booker,BOS,SG,29,758,736,215,0.292,259,60,0.232,477,155,0.325,490,16.9,0.288,0.333,0.35,14.6,210,80,0.381,267,75,0.281,259,60,0.232,83.6
2022,Klay Jokic,BOS,PF,29,687,605,150,0.248,231,55,0.238,374,95,0.254,355,12.2,0.251,0.293,0.35,12.8,155,37,0.239,219,58,0.265,231,55,0.238,76.8
2022,Paul Paul,BOS,C,29,705,646,156,0.241,197,34,0.173,449,122,0.272,346,11.9,0.236,0.268,0.35,12.6,195,70,0.359,254,52,0.205,197,34,0.173,77.1
2022,Rudy Harden,BOS,SF,29,626,717,205,0.286,242,54,0.223,475,151,0.318,464,16.0,0.282,0.324,0.35,14.9,234,89,0.38,241,62,0.257,242,54,0.223,86.2
2022,Kyrie Barnes,BOS,SG,29,661,669,184,0.275,228,55,0.241,441,129,0.293,423,14.6,0.275,0.316,0.35,14.4,188,62,0.33,253,67,0.265,228,55,0.241,84.1
2022,Giannis Embiid,BOS,SG,29,648,720,181,0.251,238,51,0.214,482,130,0.27,413,14.2,0.25,0.287,0.35,13.9,238,82,0.345,244,48,0.197,238,51,0.214,84.1
2022,LeBron Curry,BOS,C,29,642,664,195,0.294,241,51,0.212,423,144,0.34,441,15.2,0.286,0.332,0.35,14.4,203,88,0.433,220,56,0.255,241,51,0.212,82.5
2022,LaMelo Curry,BOS,C,29,820,618,162,0.262,236,32,0.136,382,130,0.34,356,12.3,0.247,0.288,0.35,12.8,171,72,0.421,211,58,0.275,236,32,0.136,77.2
2022,Desmond Garland,BKN,SG,29,822,639,127,0.199,217,40,0.184,422,87,0.206,294,10.1,0.2,0.23,0.35,9.4,190,39,0.205,232,48,0.207,217,40,0.184,60.6
2022,Paolo Towns,BKN,PF,57,1436,1390,275,0.198,473,80,0.169,917,195,0.213,630,11.1,0.197,0.227,0.35,8.9,422,116,0.275,495,79,0.16,473,80,0.169,58.0
2022,Chris Booker,BKN,PF,29,625,606,130,0.215,214,32,0.15,392,98,0.25,292,10.1,0.209,0.241,0.35,9.2,170,45,0.265,222,53,0.239,214,32,0.15,57.9
2022,Stephen Booker,BKN,C,84,2011,2115,443,0.209,740,112,0.151,1375,331,0.241,998,11.9,0.204,0.236,0.35,9.9,630,203,0.322,745,128,0.172,740,112,0.151,63.4
2022,Draymond Harden,BKN,C,29,789,655,144,0.22,226,38,0.168,429,106,0.247,326,11.2,0.216,0.249,0.35,9.9,206,62,0.301,223,44,0.197,226,38,0.168,62.0
2022,Evan George,BKN,SG,29,682,702,160,0.228,274,65,0.237,428,95,0.222,385,13.3,0.234,0.274,0.35,11.2,205,50,0.244,223,45,0.202,274,65,0.237,68.0
2022,Jayson Banchero,BKN,PF,29,719,622,121,0.195,196,32,0.163,426,89,0.209,274,9.4,0.193,0.22,0.35,9.4,183,48,0.262,243,41,0.169,196,32,0.163,61.5
2022,Darius Adebayo,BKN,SF,29,731,654,139,0.213,229,31,0.135,425,108,0.254,309,10.7,0.205,0.236,0.35,8.9,193,58,0.301,232,50,0.216,229,31,0.135,56.4
2022,Luka Thompson,BKN,C,29,813,751,149,0.198,263,38,0.144,488,111,0.227,336,11.6,0.194,0.224,0.35,10.6,230,65,0.283,258,46,0.178,263,38,0.144,69.4
2022,Jaren Lillard,CHA,SG,29,772,699,140,0.2,238,46,0.193,461,94,0.204,326,11.2,0.203,0.233,0.35,8.9,226,56,0.248,235,38,0.162,238,46,0.193,56.9
2022,Jaren Curry,CHA,PF,29,685,660,104,0.158,264,39,0.148,396,65,0.164,247,8.5,0.159,0.187,0.35,7.4,178,35,0.197,218,30,0.138,264,39,0.148,52.6
2022,Jaylen Adebayo,CHA,PF,29,633,697,142,0.204,243,41,0.169,454,101,0.222,325,11.2,0.202,0.233,0.35,9.1,192,58,0.302,262,43,0.164,243,41,0.169,58.7
2022,Kevin Butler,CHA,SG,29,627,635,116,0.183,220,31,0.141,415,85,0.205,263,9.1,0.18,0.207,0.35,8.0,193,37,0.192,222,48,0.216,220,31,0.141,54.4
2022,Giannis Irving,CHA,PG,29,744,638,103,0.161,229,32,0.14,409,71,0.174,238,8.2,0.161,0.187,0.35,7.5,194,40,0.206,215,31,0.144,229,32,0.14,53.2
2022,Klay Paul,CHA,PF,29,671,729,142,0.195,289,39,0.135,440,103,0.234,323,11.1,0.189,0.222,0.35,9.2,213,58,0.272,227,45,0.198,289,39,0.135,60.5
2022,Jaylen Harden,CHA,PF,29,640,715,154,0.215,251,45,0.179,464,109,0.235,353,12.2,0.214,0.247,0.35,9.2,214,74,0.346,250,35,0.14,251,45,0.179,57.4
2022,Devin Towns,CHA,SG,29,805,679,125,0.184,227,32,0.141,452,93,0.206,282,9.7,0.181,0.208,0.35,8.6,195,60,0.308,257,33,0.128,227,32,0.141,58.0
2022,Paolo George,CHI,SF,29,634,621,133,0.214,232,43,0.185,389,90,0.231,309,10.7,0.214,0.249,0.35,9.7,187,43,0.23,202,47,0.233,232,43,0.185,61.0
2022,Kyrie James,CHI,PG,29,668,680,141,0.207,236,32,0.136,444,109,0.245,314,10.8,0.2,0.231,0.35,9.8,210,75,0.357,234,34,0.145,236,32,0.136,63.0
2022,Devin Jackson Jr.,CHI,C,29,728,631,130,0.206,209,43,0.206,422,87,0.206,303,10.4,0.21,0.24,0.35,9.2,190,45,0.237,232,42,0.181,209,43,0.206,57.9
2022,Andrew Embiid,CHI,SG,29,685,602,105,0.174,208,36,0.173,394,69,0.175,246,8.5,0.177,0.204,0.35,8.3,174,29,0.167,220,40,0.182,208,36,0.173,56.1
2022,Kevin Booker,CHI,SF,29,679,660,126,0.191,241,31,0.129,419,95,0.227,283,9.8,0.185,0.214,0.35,9.2,211,46,0.218,208,49,0.236,241,31,0.129,61.5
2022,Jimmy Tatum,CHI,SG,29,800,850,217,0.255,293,75,0.256,557,142,0.255,509,17.6,0.26,0.299,0.35,12.5,272,78,0.287,285,64,0.225,293,75,0.256,73.1
2022,LaMelo Jackson Jr.,CHI,SG,29,699,684,141,0.206,242,39,0.161,442,102,0.231,321,11.1,0.203,0.235,0.35,9.8,207,51,0.246,235,51,0.217,242,39,0.161,63.1
2022,Joel Curry,CHI,SG,29,693,572,92,0.161,210,28,0.133,362,64,0.177,212,7.3,0.16,0.185,0.35,7.6,159,28,0.176,203,36,0.177,210,28,0.133,54.0
2022,Luka Lillard,CHI,SF,29,643,671,135,0.201,243,35,0.144,428,100,0.234,305,10.5,0.196,0.227,0.35,9.4,193,58,0.301,235,42,0.179,243,35,0.144,61.3
2022,Devin Doncic,CLE,SF,29,783,665,154,0.232,229,35,0.153,436,119,0.273,343,11.8,0.224,0.258,0.35,11.3,195,46,0.236,241,73,0.303,229,35,0.153,70.1
2022,Victor Adebayo,CLE,SG,29,775,648,152,0.235,217,41,0.189,431,111,0.258,345,11.9,0.232,0.266,0.35,11.4,193,61,0.316,238,50,0.21,217,41,0.189,70.0
2022,Bam Lillard,CLE,PG,29,647,678,149,0.22,248,37,0.149,430,112,0.26,335,11.6,0.213,0.247,0.35,11.2,189,53,0.28,241,59,0.245,248,37,0.149,71.1
2022,Klay Wembanyama,CLE,C,29,780,609,138,0.227,211,30,0.142,398,108,0.271,306,10.6,0.218,0.251,0.35,10.8,190,54,0.284,208,54,0.26,211,30,0.142,67.8
2022,Desmond Durant,CLE,C,29,733,689,167,0.242,234,38,0.162,455,129,0.284,372,12.8,0.235,0.27,0.35,11.6,226,70,0.31,229,59,0.258,234,38,0.162,71.0
2022,Devin Lillard,CLE,SG,29,815,675,162,0.24,226,50,0.221,449,112,0.249,374,12.9,0.241,0.277,0.35,12.3,186,53,0.285,263,59,0.224,226,50,0.221,74.5
2022,Donovan Brown,CLE,PF,29,749,752,208,0.277,282,48,0.17,470,160,0.34,464,16.0,0.265,0.309,0.35,13.1,216,85,0.394,254,75,0.295,282,48,0.17,76.6
2022,Andrew Brown,CLE,PF,29,767,610,165,0.27,207,49,0.237,403,116,0.288,379,13.1,0.27,0.311,0.35,12.3,181,69,0.381,222,47,0.212,207,49,0.237,70.5
2022,Jayson Jackson Jr.,CLE,SG,29,802,611,131,0.214,224,37,0.165,387,94,0.243,299,10.3,0.211,0.245,0.35,10.3,165,55,0.333,222,39,0.176,224,37,0.165,65.2
2022,Klay Irving,DAL,PF,29,793,698,165,0.236,244,47,0.193,454,118,0.26,377,13.0,0.234,0.27,0.35,11.8,214,73,0.341,240,45,0.188,244,47,0.193,72.3
2022,Paolo Haliburton,DAL,SG,29,818,633,112,0.177,231,35,0.152,402,77,0.192,259,8.9,0.176,0.205,0.35,9.5,198,45,0.227,204,32,0.157,231,35,0.152,64.6
2022,Desmond Curry,DAL,SG,57,1462,1283,273,0.213,440,70,0.159,843,203,0.241,616,10.8,0.209,0.24,0.35,10.3,381,114,0.299,462,89,0.193,440,70,0.159,65.2
2022,Andrew Curry,DAL,PF,29,654,721,154,0.214,235,37,0.157,486,117,0.241,345,11.9,0.209,0.239,0.35,10.5,219,59,0.269,267,58,0.217,235,37,0.157,66.7
2022,James Brown,DAL,PF,29,642,735,184,0.25,252,56,0.222,483,128,0.265,424,14.6,0.251,0.288,0.35,12.7,219,79,0.361,264,49,0.186,252,56,0.222,76.2
2022,Scottie Brown,DAL,C,29,666,696,165,0.237,237,39,0.165,459,126,0.275,369,12.7,0.231,0.265,0.35,11.0,206,79,0.383,253,47,0.186,237,39,0.165,67.3
2022,Stephen Davis,DAL,C,29,770,645,159,0.247,215,36,0.167,430,123,0.286,354,12.2,0.239,0.274,0.35,10.8,211,76,0.36,219,47,0.215,215,36,0.167,64.6
2022,Luka Cunningham,DAL,PF,29,689,641,171,0.267,247,52,0.211,394,119,0.302,394,13.6,0.263,0.307,0.35,11.4,171,50,0.292,223,69,0.309,247,52,0.211,65.8
2022,Evan Wiggins,DAL,SG,29,698,626,131,0.209,208,48,0.231,418,83,0.199,310,10.7,0.216,0.248,0.35,9.9,194,34,0.175,224,49,0.219,208,48,0.231,61.9
2022,Giannis Brown,DEN,PG,29,712,660,168,0.255,229,39,0.17,431,129,0.299,375,12.9,0.246,0.284,0.35,12.6,205,60,0.293,226,69,0.305,229,39,0.17,75.6
2022,Draymond George,DEN,SF,57,1336,1255,268,0.214,456,82,0.18,799,186,0.233,618,10.8,0.212,0.246,0.35,11.6,369,122,0.331,430,64,0.149,456,82,0.18,73.8
2022,Karl-Anthony Irving,DEN,PG,29,643,708,182,0.257,258,56,0.217,450,126,0.28,420,14.5,0.256,0.297,0.35,13.0,196,56,0.286,254,70,0.276,258,56,0.217,77.4
2022,Rudy Thompson,DEN,PG,29,677,661,173,0.262,248,56,0.226,413,117,0.283,402,13.9,0.261,0.304,0.35,12.4,174,62,0.356,239,55,0.23,248,56,0.226,72.3
2022,Jimmy Wembanyama,DEN,PG,29,696,692,185,0.267,234,49,0.209,458,136,0.297,419,14.4,0.264,0.303,0.35,13.3,232,78,0.336,226,58,0.257,234,49,0.209,78.1
2022,Draymond Paul,DEN,C,57,1454,1241,228,0.184,453,62,0.137,788,166,0.211,518,9.1,0.18,0.209,0.35,10.6,343,90,0.262,445,76,0.171,453,62,0.137,71.6
2022,Scottie Adebayo,DEN,SF,29,696,700,181,0.259,244,46,0.189,456,135,0.296,408,14.1,0.253,0.291,0.35,13.0,204,70,0.343,252,65,0.258,244,46,0.189,77.5
2022,Kevin Irving,DEN,PF,29,796,645,148,0.229,233,32,0.137,412,116,0.282,328,11.3,0.219,0.254,0.35,11.6,198,80,0.404,214,36,0.168,233,32,0.137,72.7
2022,Devin George,DET,PF,29,823,686,135,0.197,263,42,0.16,423,93,0.22,312,10.8,0.195,0.227,0.35,8.4,191,56,0.293,232,37,0.159,263,42,0.16,54.4
2022,Karl-Anthony Wiggins,DET,SG,29,714,686,132,0.192,236,36,0.153,450,96,0.213,300,10.3,0.19,0.219,0.35,8.5,199,53,0.266,251,43,0.171,236,36,0.153,55.8
2022,Jaylen Jackson Jr.,DET,PG,29,711,602,108,0.179,210,29,0.138,392,79,0.202,245,8.4,0.176,0.203,0.35,7.3,167,33,0.198,225,46,0.204,210,29,0.138,49.8
2022,Stephen Wembanyama,DET,SG,29,823,670,124,0.185,224,22,0.098,446,102,0.229,270,9.3,0.176,0.201,0.35,7.7,213,55,0.258,233,47,0.202,224,22,0.098,52.6
2022,Devin Curry,DET,SG,29,780,667,105,0.157,252,31,0.123,415,74,0.178,241,8.3,0.155,0.181,0.35,7.2,196,34,0.173,219,40,0.183,252,31,0.123,51.8
2022,Damian Mitchell,DET,C,29,740,645,101,0.157,221,29,0.131,424,72,0.17,231,8.0,0.156,0.179,0.35,6.9,191,45,0.236,233,27,0.116,221,29,0.131,50.2
2022,Draymond Ball,DET,PF,29,638,643,137,0.213,234,36,0.154,409,101,0.247,310,10.7,0.208,0.241,0.35,7.6,207,67,0.324,202,34,0.168,234,36,0.154,47.9
2022,Giannis Brown,DET,C,29,718,660,168,0.255,229,39,0.17,431,129,0.299,375,12.9,0.246,0.284,0.35,8.0,205,60,0.293,226,69,0.305,229,39,0.17,44.9
2022,Devin Green,DET,C,29,812,664,145,0.218,229,49,0.214,435,96,0.221,339,11.7,0.222,0.255,0.35,8.4,206,47,0.228,229,49,0.214,229,49,0.214,51.1
2022,Damian Embiid,DET,SG,29,674,709,114,0.161,254,34,0.134,455,80,0.176,262,9.0,0.16,0.185,0.35,7.9,208,43,0.207,247,37,0.15,254,34,0.134,56.3
2022,Desmond Wembanyama,GSW,SG,57,1361,1278,298,0.233,425,91,0.214,853,207,0.243,687,12.1,0.234,0.269,0.35,12.0,378,106,0.28,475,101,0.213,425,91,0.214,73.3
2022,Jimmy George,GSW,SF,29,813,653,120,0.184,237,24,0.101,416,96,0.231,264,9.1,0.174,0.202,0.35,9.6,206,53,0.257,210,43,0.205,237,24,0.101,65.3
2022,Jaylen Green,GSW,SG,29,694,691,174,0.252,246,53,0.215,445,121,0.272,401,13.8,0.251,0.29,0.35,12.5,197,85,0.431,248,36,0.145,246,53,0.215,74.6
2022,Andrew Haliburton,GSW,PG,29,764,640,156,0.244,222,29,0.131,418,127,0.304,341,11.8,0.231,0.266,0.35,11.6,202,73,0.361,216,54,0.25,222,29,0.131,71.3
2022,LaMelo Wiggins,GSW,SG,29,659,680,167,0.246,242,41,0.169,438,126,0.288,375,12.9,0.238,0.276,0.35,11.6,208,77,0.37,230,49,0.213,242,41,0.169,70.4
2022,Kyrie Irving,GSW,PG,29,671,635,152,0.239,221,29,0.131,414,123,0.297,333,11.5,0.227,0.262,0.35,11.4,177,67,0.379,237,56,0.236,221,29,0.131,70.3
2022,Draymond Bane,GSW,PF,29,818,680,161,0.237,258,43,0.167,422,118,0.28,365,12.6,0.23,0.268,0.35,11.7,195,56,0.287,227,62,0.273,258,43,0.167,72.0
2022,Anthony George,GSW,SF,29,658,620,164,0.265,217,43,0.198,403,121,0.3,371,12.8,0.259,0.299,0.35,12.0,186,74,0.398,217,47,0.217,217,43,0.198,70.0
2022,LeBron Brown,GSW,PG,29,719,636,158,0.248,213,49,0.23,423,109,0.258,365,12.6,0.25,0.287,0.35,11.9,210,73,0.348,213,36,0.169,213,49,0.23,70.7
2022,Stephen Booker,HOU,SF,84,2038,2115,443,0.209,740,112,0.151,1375,331,0.241,998,11.9,0.204,0.236,0.35,9.7,630,203,0.322,745,128,0.172,740,112,0.151,62.3
2022,Chris Haliburton,HOU,PG,29,724,731,151,0.207,252,38,0.151,479,113,0.236,340,11.7,0.202,0.233,0.35,8.9,221,62,0.281,258,51,0.198,252,38,0.151,57.2
2022,Donovan Antetokounmpo,HOU,PG,29,646,636,98,0.154,235,31,0.132,401,67,0.167,227,7.8,0.154,0.178,0.35,7.5,183,40,0.219,218,27,0.124,235,31,0.132,54.3
2022,Chris Antetokounmpo,HOU,PF,29,696,604,115,0.19,193,24,0.124,411,91,0.221,254,8.8,0.184,0.21,0.35,8.4,202,55,0.272,209,36,0.172,193,24,0.124,56.1
2022,Luka Harden,HOU,PG,29,707,573,96,0.168,208,32,0.154,365,64,0.175,224,7.7,0.169,0.195,0.35,8.0,168,32,0.19,197,32,0.162,208,32,0.154,55.7
2022,Luka Garland,HOU,PG,29,628,716,152,0.212,244,40,0.164,472,112,0.237,344,11.9,0.209,0.24,0.35,9.9,205,60,0.293,267,52,0.195,244,40,0.164,62.8
2022,Karl-Anthony Antetokounmpo,HOU,SF,29,701,614,118,0.192,227,36,0.159,387,82,0.212,272,9.4,0.191,0.221,0.35,8.5,164,41,0.25,223,41,0.184,227,36,0.159,56.1
2022,Paolo Towns,HOU,C,57,1415,1390,275,0.198,473,80,0.169,917,195,0.213,630,11.1,0.197,0.227,0.35,9.7,422,116,0.275,495,79,0.16,473,80,0.169,63.1
2022,Jayson Butler,IND,SF,29,653,627,133,0.212,219,32,0.146,408,101,0.248,298,10.3,0.206,0.238,0.35,9.7,186,56,0.301,222,45,0.203,219,32,0.146,62.0
2022,Victor Young,IND,C,29,734,648,143,0.221,235,33,0.14,413,110,0.266,319,11.0,0.212,0.246,0.35,10.1,181,66,0.365,232,44,0.19,235,33,0.14,63.8
2022,Chris Doncic,IND,C,29,637,676,171,0.253,236,35,0.148,440,136,0.309,377,13.0,0.242,0.279,0.35,11.6,204,82,0.402,236,54,0.229,236,35,0.148,69.7
2022,LeBron Doncic,IND,PG,29,650,625,128,0.205,242,40,0.165,383,88,0.23,296,10.2,0.202,0.237,0.35,9.5,167,44,0.263,216,44,0.204,242,40,0.165,61.3
2022,Victor Wembanyama,IND,PG,29,664,579,116,0.2,197,28,0.142,382,88,0.23,260,9.0,0.195,0.225,0.35,9.1,187,64,0.342,195,24,0.123,197,28,0.142,59.1
2022,Darius George,IND,SG,29,747,733,199,0.271,238,38,0.16,495,161,0.325,436,15.0,0.26,0.297,0.35,12.5,251,96,0.382,244,65,0.266,238,38,0.16,73.4
2022,Desmond Wembanyama,IND,SG,57,1381,1278,298,0.233,425,91,0.214,853,207,0.243,687,12.1,0.234,0.269,0.35,9.9,378,106,0.28,475,101,0.213,425,91,0.214,59.2
2022,Trae Wembanyama,IND,PG,29,722,654,142,0.217,235,31,0.132,419,111,0.265,315,10.9,0.208,0.241,0.35,9.9,189,57,0.302,230,54,0.235,235,31,0.132,62.6
2022,Joel Banchero,LAC,PG,29,788,578,141,0.244,218,41,0.188,360,100,0.278,323,11.1,0.24,0.279,0.35,10.9,167,51,0.305,193,49,0.254,218,41,0.188,65.6
2022,Draymond Thompson,LAC,PF,57,1520,1245,275,0.221,419,75,0.179,826,200,0.242,625,11.0,0.219,0.251,0.35,10.8,400,99,0.248,426,101,0.237,419,75,0.179,67.7
2022,Paolo Bane,LAC,C,29,659,695,211,0.304,234,39,0.167,461,172,0.373,461,15.9,0.289,0.332,0.35,12.8,219,96,0.438,242,76,0.314,234,39,0.167,71.5
2022,Chris Banchero,LAC,SF,29,760,674,147,0.218,223,27,0.121,451,120,0.266,321,11.1,0.208,0.238,0.35,10.8,202,62,0.307,249,58,0.233,223,27,0.121,69.2
2022,Damian Antetokounmpo,LAC,C,57,1449,1338,277,0.207,461,46,0.1,877,231,0.263,600,10.5,0.195,0.224,0.35,10.8,415,132,0.318,462,99,0.214,461,46,0.1,70.6
2022,Luka Irving,LAC,PF,29,818,693,166,0.24,238,32,0.134,455,134,0.295,364,12.6,0.228,0.263,0.35,11.7,206,71,0.345,249,63,0.253,238,32,0.134,72.3
2022,Jayson Haliburton,LAC,SF,29,768,629,141,0.224,206,40,0.194,423,101,0.239,322,11.1,0.224,0.256,0.35,10.9,179,33,0.184,244,68,0.279,206,40,0.194,67.8
2022,Tyrese Paul,LAC,SG,29,734,670,149,0.222,233,44,0.189,437,105,0.24,342,11.8,0.221,0.255,0.35,11.2,199,62,0.312,238,43,0.181,233,44,0.189,70.0
2022,Darius Garland,LAL,C,57,1365,1298,279,0.215,450,54,0.12,848,225,0.265,612,10.7,0.205,0.236,0.35,10.0,391,138,0.353,457,87,0.19,450,54,0.12,63.8
2022,Luka Haliburton,LAL,SG,29,700,691,154,0.223,258,48,0.186,433,106,0.245,356,12.3,0.221,0.258,0.35,10.3,207,58,0.28,226,48,0.212,258,48,0.186,63.5
2022,Jayson Jackson Jr.,LAL,PF,29,710,611,131,0.214,224,37,0.165,387,94,0.243,299,10.3,0.211,0.245,0.35,9.6,165,55,0.333,222,39,0.176,224,37,0.165,60.4
2022,Evan Wiggins,LAL,PG,29,808,626,131,0.209,208,48,0.231,418,83,0.199,310,10.7,0.216,0.248,0.35,10.0,194,34,0.175,224,49,0.219,208,48,0.231,62.4
2022,Anthony Tatum,LAL,PG,29,798,616,124,0.201,215,28,0.13,401,96,0.239,276,9.5,0.194,0.224,0.35,9.4,197,62,0.315,204,34,0.167,215,28,0.13,61.3
2022,Luka Jokic,LAL,C,29,803,668,126,0.189,242,34,0.14,426,92,0.216,286,9.9,0.185,0.214,0.35,9.0,199,55,0.276,227,37,0.163,242,34,0.14,60.2
2022,Anthony Ball,LAL,C,29,800,695,140,0.201,248,37,0.149,447,103,0.23,317,10.9,0.197,0.228,0.35,9.9,213,67,0.315,234,36,0.154,248,37,0.149,64.5
2022,Draymond Harden,LAL,PG,29,815,655,144,0.22,226,38,0.168,429,106,0.247,326,11.2,0.216,0.249,0.35,9.0,206,62,0.301,223,44,0.197,226,38,0.168,55.7
2022,Paul Gobert,LAL,C,29,772,650,152,0.234,225,34,0.151,425,118,0.278,338,11.7,0.226,0.26,0.35,9.9,192,73,0.38,233,45,0.193,225,34,0.151,60.8
2022,LeBron Curry,MEM,C,29,666,664,195,0.294,241,51,0.212,423,144,0.34,441,15.2,0.286,0.332,0.35,11.2,203,88,0.433,220,56,0.255,241,51,0.212,60.9
2022,Jayson George,MEM,C,29,648,651,111,0.171,223,29,0.13,428,82,0.192,251,8.7,0.168,0.193,0.35,9.0,186,39,0.21,242,43,0.178,223,29,0.13,62.5
2022,LeBron Thompson,MEM,SF,57,1370,1375,360,0.262,466,85,0.182,909,275,0.303,805,14.1,0.255,0.293,0.35,11.1,396,151,0.381,513,124,0.242,466,85,0.182,65.0
2022,Paul Davis,MEM,SF,29,776,650,145,0.223,246,47,0.191,404,98,0.243,337,11.6,0.222,0.259,0.35,10.2,187,56,0.299,217,42,0.194,246,47,0.191,63.2
2022,Kevin Bane,MEM,SG,29,649,706,158,0.224,250,59,0.236,456,99,0.217,375,12.9,0.23,0.266,0.35,11.1,203,55,0.271,253,44,0.174,250,59,0.236,68.3
2022,Joel Curry,MEM,SF,29,714,572,92,0.161,210,28,0.133,362,64,0.177,212,7.3,0.16,0.185,0.35,8.9,159,28,0.176,203,36,0.177,210,28,0.133,62.6
2022,Giannis Harden,MEM,SG,29,721,694,171,0.246,251,54,0.215,443,117,0.264,396,13.7,0.246,0.285,0.35,11.4,222,60,0.27,221,57,0.258,251,54,0.215,68.1
2022,Kyrie Banchero,MEM,C,29,717,652,139,0.213,225,29,0.129,427,110,0.258,307,10.6,0.204,0.235,0.35,10.5,175,47,0.269,252,63,0.25,225,29,0.129,67.2
2022,Desmond Booker,MEM,PF,29,800,664,155,0.233,241,52,0.216,423,103,0.243,362,12.5,0.235,0.273,0.35,11.1,194,59,0.304,229,44,0.192,241,52,0.216,67.6
2022,Joel Young,MIA,PG,29,798,602,147,0.244,205,33,0.161,397,114,0.287,327,11.3,0.236,0.272,0.35,10.4,186,56,0.301,211,58,0.275,205,33,0.161,62.7
2022,Draymond Paul,MIA,PG,57,1503,1241,228,0.184,453,62,0.137,788,166,0.211,518,9.1,0.18,0.209,0.35,10.1,343,90,0.262,445,76,0.171,453,62,0.137,68.2
2022,Desmond Irving,MIA,PG,29,652,631,112,0.177,236,38,0.161,395,74,0.187,262,9.0,0.178,0.208,0.35,9.4,173,54,0.312,222,20,0.09,236,38,0.161,63.8
2022,Kyrie Irving,MIA,PG,29,669,635,152,0.239,221,29,0.131,414,123,0.297,333,11.5,0.227,0.262,0.35,9.3,177,67,0.379,237,56,0.236,221,29,0.131,56.3
2022,Jaylen Wembanyama,MIA,PG,29,815,650,137,0.211,226,27,0.119,424,110,0.259,301,10.4,0.201,0.232,0.35,9.9,210,64,0.305,214,46,0.215,226,27,0.119,64.1
2022,Rudy Durant,MIA,PG,29,654,707,186,0.263,258,45,0.174,449,141,0.314,417,14.4,0.254,0.295,0.35,11.9,207,84,0.406,242,57,0.236,258,45,0.174,70.2
2022,Jaylen Haliburton,MIA,PG,29,814,691,177,0.256,247,35,0.142,444,142,0.32,389,13.4,0.243,0.281,0.35,12.1,205,77,0.376,239,65,0.272,247,35,0.142,72.9
2022,Draymond Lillard,MIA,SF,29,767,599,120,0.2,211,29,0.137,388,91,0.235,269,9.3,0.194,0.225,0.35,9.6,188,41,0.218,200,50,0.25,211,29,0.137,63.0
2022,Klay Durant,MIA,PF,29,660,602,157,0.261,206,38,0.184,396,119,0.301,352,12.1,0.254,0.292,0.35,11.2,190,74,0.389,206,45,0.218,206,38,0.184,65.5
2022,Andrew Davis,MIL,C,57,1522,1276,319,0.25,402,62,0.154,874,257,0.294,700,12.3,0.241,0.274,0.35,11.7,411,151,0.367,463,106,0.229,402,62,0.154,70.3
2022,Andrew Doncic,MIL,C,29,823,682,172,0.252,234,40,0.171,448,132,0.295,384,13.2,0.245,0.282,0.35,12.7,196,67,0.342,252,65,0.258,234,40,0.171,76.8
2022,James Davis,MIL,PG,29,746,630,126,0.2,216,35,0.162,414,91,0.22,287,9.9,0.198,0.228,0.35,11.6,193,40,0.207,221,51,0.231,216,35,0.162,75.9
2022,Bam Mitchell,MIL,SG,29,754,630,143,0.227,200,31,0.155,430,112,0.26,317,10.9,0.221,0.252,0.35,11.5,189,64,0.339,241,48,0.199,200,31,0.155,71.7
2022,Paolo Ball,MIL,SF,29,656,619,132,0.213,226,37,0.164,393,95,0.242,301,10.4,0.209,0.243,0.35,10.9,174,49,0.282,219,46,0.21,226,37,0.164,69.3
2022,Andrew Tatum,MIL,SF,29,709,664,171,0.258,238,41,0.172,426,130,0.305,383,13.2,0.249,0.288,0.35,12.8,189,80,0.423,237,50,0.211,238,41,0.172,77.1
2022,LeBron Thompson,MIL,PG,57,1414,1375,360,0.262,466,85,0.182,909,275,0.303,805,14.1,0.255,0.293,0.35,12.7,396,151,0.381,513,124,0.242,466,85,0.182,75.0
2022,Rudy Mitchell,MIL,C,29,665,723,164,0.227,245,38,0.155,478,126,0.264,366,12.6,0.22,0.253,0.35,12.1,218,69,0.317,260,57,0.219,245,38,0.155,76.1
2022,Joel Cunningham,MIN,SF,29,703,652,170,0.261,241,43,0.178,411,127,0.309,383,13.2,0.253,0.294,0.35,11.5,187,62,0.332,224,65,0.29,241,43,0.178,67.4
2022,LeBron Wembanyama,MIN,SF,29,707,578,127,0.22,214,44,0.206,364,83,0.228,298,10.3,0.222,0.258,0.35,10.4,159,36,0.226,205,47,0.229,214,44,0.206,64.4
2022,Jimmy Ball,MIN,PF,29,703,682,161,0.236,232,45,0.194,450,116,0.258,367,12.7,0.234,0.269,0.35,11.6,201,57,0.284,249,59,0.237,232,45,0.194,70.8
2022,James Curry,MIN,C,29,772,621,134,0.216,227,36,0.159,394,98,0.249,304,10.5,0.211,0.245,0.35,10.6,171,49,0.287,223,49,0.22,227,36,0.159,67.4
2022,LaMelo Barnes,MIN,PG,29,626,645,131,0.203,211,45,0.213,434,86,0.198,307,10.6,0.208,0.238,0.35,11.0,201,45,0.224,233,41,0.176,211,45,0.213,70.5
2022,LaMelo Embiid,MIN,PF,57,1455,1291,326,0.253,425,80,0.188,866,246,0.284,732,12.8,0.248,0.284,0.35,11.6,426,147,0.345,440,99,0.225,425,80,0.188,69.3
2022,Stephen Green,MIN,C,29,760,586,141,0.241,220,33,0.15,366,108,0.295,315,10.9,0.231,0.269,0.35,10.8,187,69,0.369,179,39,0.218,220,33,0.15,66.1
2022,Joel Lillard,MIN,PF,29,666,647,142,0.219,233,41,0.176,414,101,0.244,325,11.2,0.217,0.251,0.35,11.0,177,55,0.311,237,46,0.194,233,41,0.176,68.9
2022,Kevin Mitchell,NOP,SG,29,744,654,121,0.185,236,44,0.186,418,77,0.184,286,9.9,0.189,0.219,0.35,10.3,186,38,0.204,232,39,0.168,236,44,0.186,68.1
2022,Evan Paul,NOP,SF,29,693,585,121,0.207,211,44,0.209,374,77,0.206,286,9.9,0.211,0.244,0.35,9.4,172,33,0.192,202,44,0.218,211,44,0.209,58.9
2022,Stephen Booker,NOP,PF,84,2155,2115,443,0.209,740,112,0.151,1375,331,0.241,998,11.9,0.204,0.236,0.35,11.0,630,203,0.322,745,128,0.172,740,112,0.151,70.5
2022,Trae Young,NOP,SG,29,816,675,157,0.233,243,49,0.202,432,108,0.25,363,12.5,0.232,0.269,0.35,10.9,186,40,0.215,246,68,0.276,243,49,0.202,66.4
2022,Desmond Tatum,NOP,SF,29,746,707,115,0.163,262,37,0.141,445,78,0.175,267,9.2,0.162,0.189,0.35,9.1,223,35,0.157,222,43,0.194,262,37,0.141,63.8
2022,Anthony Curry,NOP,C,29,813,586,127,0.217,210,31,0.148,376,96,0.255,285,9.8,0.21,0.243,0.35,9.3,193,60,0.311,183,36,0.197,210,31,0.148,58.9
2022,Paolo Booker,NOP,PG,57,1419,1245,242,0.194,436,59,0.135,809,183,0.226,543,9.5,0.189,0.218,0.35,9.7,362,72,0.199,447,111,0.248,436,59,0.135,64.4
2022,Andrew Jackson Jr.,NOP,PF,29,817,617,118,0.191,203,32,0.158,414,86,0.208,268,9.2,0.19,0.217,0.35,8.8,183,36,0.197,231,50,0.216,203,32,0.158,58.2
2022,Draymond Ball,NYK,SG,29,709,643,137,0.213,234,36,0.154,409,101,0.247,310,10.7,0.208,0.241,0.35,9.8,207,67,0.324,202,34,0.168,234,36,0.154,62.4
2022,Desmond Paul,NYK,SF,29,782,601,139,0.231,200,44,0.22,401,95,0.237,322,11.1,0.234,0.268,0.35,10.6,188,58,0.309,213,37,0.174,200,44,0.22,63.9
2022,Klay Antetokounmpo,NYK,SG,29,699,645,122,0.189,226,39,0.173,419,83,0.198,283,9.8,0.19,0.219,0.35,9.0,201,36,0.179,218,47,0.216,226,39,0.173,59.6
2022,Darius Wembanyama,NYK,SG,29,639,608,150,0.247,209,47,0.225,399,103,0.258,347,12.0,0.248,0.285,0.35,11.2,184,56,0.304,215,47,0.219,209,47,0.225,66.4
2022,Giannis Jackson Jr.,NYK,C,29,784,624,128,0.205,233,32,0.137,391,96,0.246,288,9.9,0.198,0.231,0.35,9.2,187,44,0.235,204,52,0.255,233,32,0.137,59.8
2022,Anthony Gobert,NYK,SF,29,740,713,129,0.181,254,41,0.161,459,88,0.192,299,10.3,0.181,0.21,0.35,9.4,224,53,0.237,235,35,0.149,254,41,0.161,63.4
2022,Andrew Davis,NYK,PG,57,1437,1276,319,0.25,402,62,0.154,874,257,0.294,700,12.3,0.241,0.274,0.35,10.4,411,151,0.367,463,106,0.229,402,62,0.154,62.0
2022,Darius Adebayo,NYK,C,29,693,654,139,0.213,229,31,0.135,425,108,0.254,309,10.7,0.205,0.236,0.35,9.9,193,58,0.301,232,50,0.216,229,31,0.135,63.5
2022,Victor Cunningham,OKC,SF,29,685,695,142,0.204,254,44,0.173,441,98,0.222,328,11.3,0.203,0.236,0.35,9.9,214,60,0.28,227,38,0.167,254,44,0.173,63.4
2022,Jimmy George,OKC,PF,29,702,653,120,0.184,237,24,0.101,416,96,0.231,264,9.1,0.174,0.202,0.35,8.6,206,53,0.257,210,43,0.205,237,24,0.101,58.9
2022,Paolo Gobert,OKC,PG,29,760,656,111,0.169,215,28,0.13,441,83,0.188,250,8.6,0.167,0.191,0.35,8.3,207,34,0.164,234,49,0.209,215,28,0.13,57.7
2022,Jaren Young,OKC,SG,29,756,669,143,0.214,228,59,0.259,441,84,0.19,345,11.9,0.224,0.258,0.35,10.1,208,33,0.159,233,51,0.219,228,59,0.259,61.9
2022,Tyrese Gobert,OKC,SF,29,648,580,96,0.166,199,21,0.106,381,75,0.197,213,7.3,0.16,0.184,0.35,8.1,173,36,0.208,208,39,0.188,199,21,0.106,57.3
2022,Jaren Thompson,OKC,SF,29,814,617,125,0.203,217,43,0.198,400,82,0.205,293,10.1,0.206,0.237,0.35,9.0,198,39,0.197,202,43,0.213,217,43,0.198,57.1
2022,Jimmy Gobert,OKC,SF,57,1439,1298,251,0.193,450,56,0.124,848,195,0.23,558,9.8,0.186,0.215,0.35,9.1,416,106,0.255,432,89,0.206,450,56,0.124,60.3
2022,Kevin Gobert,OKC,SG,29,765,812,187,0.23,276,42,0.152,536,145,0.271,416,14.3,0.223,0.256,0.35,11.1,241,70,0.29,295,75,0.254,276,42,0.152,69.1
2022,Andrew Lillard,ORL,SG,29,672,601,115,0.191,196,30,0.153,405,85,0.21,260,9.0,0.189,0.216,0.35,8.8,202,43,0.213,203,42,0.207,196,30,0.153,58.4
2022,Klay Mobley,ORL,PF,29,816,566,97,0.171,223,39,0.175,343,58,0.169,233,8.0,0.175,0.206,0.35,7.9,149,30,0.201,194,28,0.144,223,39,0.175,54.1
2022,Chris Barnes,ORL,C,29,662,618,127,0.206,201,24,0.119,417,103,0.247,278,9.6,0.197,0.225,0.35,9.4,190,56,0.295,227,47,0.207,201,24,0.119,60.9
2022,Devin Lillard,ORL,PF,29,654,675,162,0.24,226,50,0.221,449,112,0.249,374,12.9,0.241,0.277,0.35,8.3,186,53,0.285,263,59,0.224,226,50,0.221,47.8
2022,Anthony Wiggins,ORL,C,29,645,584,118,0.202,210,34,0.162,374,84,0.225,270,9.3,0.2,0.231,0.35,8.4,177,52,0.294,197,32,0.162,210,34,0.162,54.4
2022,Bam Harden,ORL,SF,29,733,633,102,0.161,234,31,0.132,399,71,0.178,235,8.1,0.16,0.186,0.35,8.4,162,34,0.21,237,37,0.156,234,31,0.132,59.6
2022,Evan Jokic,ORL,PF,29,692,708,137,0.194,253,38,0.15,455,99,0.218,312,10.8,0.19,0.22,0.35,9.8,209,50,0.239,246,49,0.199,253,38,0.15,64.7
2022,Kevin Lillard,ORL,C,29,811,656,119,0.181,243,35,0.144,413,84,0.203,273,9.4,0.179,0.208,0.35,8.9,206,59,0.286,207,25,0.121,243,35,0.144,59.9
2022,Desmond Curry,ORL,SF,57,1417,1283,273,0.213,440,70,0.159,843,203,0.241,616,10.8,0.209,0.24,0.35,9.2,381,114,0.299,462,89,0.193,440,70,0.159,57.9
2022,LaMelo James,PHI,C,29,638,696,185,0.266,256,38,0.148,440,147,0.334,408,14.1,0.252,0.293,0.35,12.3,212,85,0.401,228,62,0.272,256,38,0.148,73.3
2022,Jaylen George,PHI,PG,29,658,1270,291,0.229,436,65,0.149,834,226,0.271,647,22.3,0.221,0.255,0.35,11.4,404,129,0.319,430,97,0.226,436,65,0.149,71.0
2022,Chris Harden,PHI,C,29,723,556,127,0.228,158,31,0.196,398,96,0.241,285,9.8,0.228,0.256,0.35,10.8,174,51,0.293,224,45,0.201,158,31,0.196,66.6
2022,Jaylen George,PHI,C,29,717,1270,291,0.229,436,65,0.149,834,226,0.271,647,22.3,0.221,0.255,0.35,10.5,404,129,0.319,430,97,0.226,436,65,0.149,65.2
2022,Trae Thompson,PHI,SG,29,637,621,136,0.219,199,38,0.191,422,98,0.232,310,10.7,0.219,0.25,0.35,11.0,193,49,0.254,229,49,0.214,199,38,0.191,68.7
2022,Jaylen James,PHI,SF,29,626,646,168,0.26,241,48,0.199,405,120,0.296,384,13.2,0.255,0.297,0.35,12.0,196,73,0.372,209,47,0.225,241,48,0.199,70.7
2022,Stephen Wiggins,PHI,PF,29,806,682,188,0.276,250,50,0.2,432,138,0.319,426,14.7,0.269,0.312,0.35,13.4,210,86,0.41,222,52,0.234,250,50,0.2,77.8
2022,Darius Garland,PHI,SF,57,1347,1298,279,0.215,450,54,0.12,848,225,0.265,612,10.7,0.205,0.236,0.35,10.5,391,138,0.353,457,87,0.19,450,54,0.12,67.6
2022,LaMelo James,PHI,PF,29,781,696,185,0.266,256,38,0.148,440,147,0.334,408,14.1,0.252,0.293,0.35,10.8,212,85,0.401,228,62,0.272,256,38,0.148,62.9
2022,Donovan Haliburton,PHX,PF,29,819,667,153,0.229,233,46,0.197,434,107,0.247,352,12.1,0.229,0.264,0.35,11.9,191,60,0.314,243,47,0.193,233,46,0.197,73.2
2022,Rudy Green,PHX,PG,57,1498,1201,262,0.218,431,62,0.144,770,200,0.26,586,10.3,0.211,0.244,0.35,10.0,373,107,0.287,397,93,0.234,431,62,0.144,63.6
2022,Luka James,PHX,PG,57,1443,1257,268,0.213,422,81,0.192,835,187,0.224,617,10.8,0.214,0.245,0.35,11.8,385,107,0.278,450,80,0.178,422,81,0.192,75.0
2022,Jimmy Irving,PHX,SF,57,1330,1251,297,0.237,444,71,0.16,807,226,0.28,665,11.7,0.23,0.266,0.35,9.8,366,125,0.342,441,101,0.229,444,71,0.16,59.7
2022,Jimmy Irving,PHX,SG,57,1459,1251,297,0.237,444,71,0.16,807,226,0.28,665,11.7,0.23,0.266,0.35,11.1,366,125,0.342,441,101,0.229,444,71,0.16,67.8
2022,Karl-Anthony Doncic,PHX,PG,29,778,578,134,0.232,180,32,0.178,398,102,0.256,300,10.3,0.228,0.26,0.35,11.0,185,59,0.319,213,43,0.202,180,32,0.178,67.5
2022,Chris Jokic,PHX,PF,29,736,619,144,0.233,213,40,0.188,406,104,0.256,328,11.3,0.23,0.265,0.35,11.7,194,42,0.216,212,62,0.292,213,40,0.188,72.0
2022,LeBron Brown,PHX,SG,29,747,636,158,0.248,213,49,0.23,423,109,0.258,365,12.6,0.25,0.287,0.35,10.6,210,73,0.348,213,36,0.169,213,49,0.23,61.8
2022,Andrew Irving,PHX,PG,29,697,577,149,0.258,219,45,0.205,358,104,0.291,343,11.8,0.255,0.297,0.35,11.8,158,54,0.342,200,50,0.25,219,45,0.205,69.5
2022,Victor Antetokounmpo,PHX,PG,29,809,682,169,0.248,229,41,0.179,453,128,0.283,379,13.1,0.242,0.278,0.35,12.5,204,60,0.294,249,68,0.273,229,41,0.179,75.4
2022,Draymond Irving,POR,SF,29,790,667,168,0.252,235,49,0.209,432,119,0.275,385,13.3,0.25,0.289,0.35,11.9,196,62,0.316,236,57,0.242,235,49,0.209,70.6
2022,Andrew Towns,POR,C,57,1413,1310,246,0.188,436,71,0.163,874,175,0.2,563,9.9,0.187,0.215,0.35,10.1,389,104,0.267,485,71,0.146,436,71,0.163,67.3
2022,LaMelo Doncic,POR,SG,29,696,666,171,0.257,220,48,0.218,446,123,0.276,390,13.4,0.256,0.293,0.35,11.7,188,66,0.351,258,57,0.221,220,48,0.218,68.8
2022,Rudy Green,POR,PF,57,1477,1201,262,0.218,431,62,0.144,770,200,0.26,586,10.3,0.211,0.244,0.35,10.5,373,107,0.287,397,93,0.234,431,62,0.144,66.8
2022,Trae Jokic,POR,PG,29,629,598,138,0.231,209,33,0.158,389,105,0.27,309,10.7,0.224,0.258,0.35,10.6,178,44,0.247,211,61,0.289,209,33,0.158,65.8
2022,Darius Antetokounmpo,POR,PF,29,798,1171,267,0.228,414,71,0.171,757,196,0.259,605,20.9,0.224,0.258,0.35,10.6,374,116,0.31,383,80,0.209,414,71,0.171,65.4
2022,Evan Harden,POR,SF,29,781,623,156,0.25,205,32,0.156,418,124,0.297,344,11.9,0.241,0.276,0.35,11.1,200,66,0.33,218,58,0.266,205,32,0.156,66.7
2022,Jimmy Ball,POR,C,29,804,682,161,0.236,232,45,0.194,450,116,0.258,367,12.7,0.234,0.269,0.35,10.6,201,57,0.284,249,59,0.237,232,45,0.194,63.9
2022,Darius Antetokounmpo,POR,SF,29,709,1171,267,0.228,414,71,0.171,757,196,0.259,605,20.9,0.224,0.258,0.35,10.5,374,116,0.31,383,80,0.209,414,71,0.171,65.2
2022,Nikola Cunningham,SAC,C,29,781,676,141,0.209,227,33,0.145,449,108,0.241,315,10.9,0.203,0.233,0.35,8.9,202,64,0.317,247,44,0.178,227,33,0.145,56.8
2022,Paul Doncic,SAC,PF,29,774,579,116,0.2,231,36,0.156,348,80,0.23,268,9.2,0.197,0.231,0.35,8.9,172,44,0.256,176,36,0.205,231,36,0.156,57.4
2022,Paolo Booker,SAC,SF,57,1446,1245,242,0.194,436,59,0.135,809,183,0.226,543,9.5,0.189,0.218,0.35,8.4,362,72,0.199,447,111,0.248,436,59,0.135,55.5
2022,Evan Haliburton,SAC,PG,29,733,627,105,0.167,249,29,0.116,378,76,0.201,239,8.2,0.162,0.191,0.35,8.1,173,34,0.197,205,42,0.205,249,29,0.116,57.0
2022,Karl-Anthony Curry,SAC,PG,29,680,634,95,0.15,219,31,0.142,415,64,0.154,221,7.6,0.151,0.174,0.35,7.6,204,30,0.147,211,34,0.161,219,31,0.142,55.0
2022,Andrew Booker,SAC,C,29,760,740,174,0.235,250,34,0.136,490,140,0.286,382,13.2,0.225,0.258,0.35,10.5,218,76,0.349,272,64,0.235,250,34,0.136,64.9
2022,Jaren Durant,SAC,PF,29,797,632,118,0.187,217,31,0.143,415,87,0.21,267,9.2,0.184,0.211,0.35,8.4,179,39,0.218,236,48,0.203,217,31,0.143,56.0
2022,Donovan Garland,SAC,SF,29,713,613,124,0.202,218,39,0.179,395,85,0.215,287,9.9,0.202,0.234,0.35,8.9,176,47,0.267,219,38,0.174,218,39,0.179,57.2
2022,Klay Tatum,SAS,SF,57,1352,1246,272,0.218,428,70,0.164,818,202,0.247,614,10.8,0.214,0.246,0.35,9.3,376,114,0.303,442,88,0.199,428,70,0.164,57.8
2022,Luka James,SAS,PG,57,1490,1257,268,0.213,422,81,0.192,835,187,0.224,617,10.8,0.214,0.245,0.35,8.4,385,107,0.278,450,80,0.178,422,81,0.192,52.3
2022,Bam Brown,SAS,PF,29,726,634,114,0.18,229,29,0.127,405,85,0.21,257,8.9,0.175,0.203,0.35,7.8,184,49,0.266,221,36,0.163,229,29,0.127,53.4
2022,Desmond Jokic,SAS,C,29,708,632,111,0.176,218,26,0.119,414,85,0.205,248,8.6,0.17,0.196,0.35,7.7,182,36,0.198,232,49,0.211,218,26,0.119,53.2
2022,LaMelo Green,SAS,SF,29,677,627,102,0.163,218,31,0.142,409,71,0.174,235,8.1,0.163,0.187,0.35,7.2,176,34,0.193,233,37,0.159,218,31,0.142,51.1
2022,Luka Irving,SAS,PG,29,763,693,166,0.24,238,32,0.134,455,134,0.295,364,12.6,0.228,0.263,0.35,8.4,206,71,0.345,249,63,0.253,238,32,0.134,50.4
2022,Draymond Davis,SAS,SF,29,654,636,111,0.175,228,34,0.149,408,77,0.189,256,8.8,0.174,0.201,0.35,7.8,189,41,0.217,219,36,0.164,228,34,0.149,53.4
2022,Draymond George,SAS,PG,57,1503,1255,268,0.214,456,82,0.18,799,186,0.233,618,10.8,0.212,0.246,0.35,8.6,369,122,0.331,430,64,0.149,456,82,0.18,53.6
2022,Trae Banchero,SAS,SG,29,786,639,103,0.161,199,31,0.156,440,72,0.164,237,8.2,0.163,0.185,0.35,7.4,203,40,0.197,237,32,0.135,199,31,0.156,52.6
2022,LaMelo Embiid,TOR,SF,57,1381,1291,326,0.253,425,80,0.188,866,246,0.284,732,12.8,0.248,0.284,0.35,11.4,426,147,0.345,440,99,0.225,425,80,0.188,67.4
2022,Kevin Harden,TOR,PF,29,679,605,136,0.225,229,43,0.188,376,93,0.247,315,10.9,0.223,0.26,0.35,9.8,169,57,0.337,207,36,0.174,229,43,0.188,60.1
2022,Trae Butler,TOR,PF,29,812,608,129,0.212,197,30,0.152,411,99,0.241,288,9.9,0.207,0.237,0.35,9.9,179,57,0.318,232,42,0.181,197,30,0.152,62.7
2022,Jaren Barnes,TOR,SF,29,805,590,108,0.183,188,27,0.144,402,81,0.201,243,8.4,0.181,0.206,0.35,8.9,192,45,0.234,210,36,0.171,188,27,0.144,60.0
2022,James Garland,TOR,SF,29,777,638,131,0.205,215,48,0.223,423,83,0.196,310,10.7,0.212,0.243,0.35,10.3,211,41,0.194,212,42,0.198,215,48,0.223,65.3
2022,Damian Garland,TOR,SF,29,662,607,126,0.208,210,33,0.157,397,93,0.234,285,9.8,0.204,0.235,0.35,9.4,196,53,0.27,201,40,0.199,210,33,0.157,60.3
2022,Damian Antetokounmpo,TOR,PG,57,1485,1338,277,0.207,461,46,0.1,877,231,0.263,600,10.5,0.195,0.224,0.35,9.6,415,132,0.318,462,99,0.214,461,46,0.1,62.7
2022,Giannis Antetokounmpo,TOR,SF,29,752,682,137,0.201,256,46,0.18,426,91,0.214,320,11.0,0.201,0.235,0.35,9.9,208,52,0.25,218,39,0.179,256,46,0.18,64.0
2022,LaMelo Green,UTA,SG,29,653,627,102,0.163,218,31,0.142,409,71,0.174,235,8.1,0.163,0.187,0.35,6.7,176,34,0.193,233,37,0.159,218,31,0.142,47.4
2022,Jimmy Bane,UTA,SF,29,685,638,142,0.223,213,25,0.117,425,117,0.275,309,10.7,0.211,0.242,0.35,9.9,187,56,0.299,238,61,0.256,213,25,0.117,62.6
2022,Darius Towns,UTA,SF,29,665,585,131,0.224,223,36,0.161,362,95,0.262,298,10.3,0.218,0.255,0.35,9.0,167,37,0.222,195,58,0.297,223,36,0.161,55.8
2022,Joel Embiid,UTA,SG,29,711,558,98,0.176,209,40,0.191,349,58,0.166,236,8.1,0.182,0.211,0.35,8.4,150,31,0.207,199,27,0.136,209,40,0.191,56.4
2022,Rudy Booker,UTA,PG,29,769,614,134,0.218,210,27,0.129,404,107,0.265,295,10.2,0.209,0.24,0.35,9.8,186,61,0.328,218,46,0.211,210,27,0.129,62.5
2022,James Wembanyama,UTA,SG,29,793,590,114,0.193,204,30,0.147,386,84,0.218,258,8.9,0.19,0.219,0.35,8.8,170,50,0.294,216,34,0.157,204,30,0.147,57.9
2022,Jaylen Wiggins,UTA,C,29,803,680,148,0.218,244,33,0.135,436,115,0.264,329,11.3,0.209,0.242,0.35,10.3,206,71,0.345,230,44,0.191,244,33,0.135,65.6
2022,Klay Tatum,UTA,SF,57,1468,1246,272,0.218,428,70,0.164,818,202,0.247,614,10.8,0.214,0.246,0.35,8.9,376,114,0.303,442,88,0.199,428,70,0.164,55.8
2022,Andrew Towns,UTA,SG,57,1330,1310,246,0.188,436,71,0.163,874,175,0.2,563,9.9,0.187,0.215,0.35,9.0,389,104,0.267,485,71,0.146,436,71,0.163,60.0
2022,Draymond Thompson,WAS,PF,57,1383,1245,275,0.221,419,75,0.179,826,200,0.242,625,11.0,0.219,0.251,0.35,8.4,400,99,0.248,426,101,0.237,419,75,0.179,51.4
2022,Darius Mitchell,WAS,C,29,729,595,117,0.197,193,38,0.197,402,79,0.197,272,9.4,0.2,0.229,0.35,8.8,170,46,0.271,232,33,0.142,193,38,0.197,56.7
2022,Donovan Cunningham,WAS,SG,29,785,609,119,0.195,206,37,0.18,403,82,0.203,275,9.5,0.197,0.226,0.35,8.8,184,56,0.304,219,26,0.119,206,37,0.18,57.1
2022,James Towns,WAS,SG,29,800,632,123,0.195,234,34,0.145,398,89,0.224,280,9.7,0.19,0.222,0.35,8.3,168,49,0.292,230,40,0.174,234,34,0.145,54.7
2022,Jayson Bane,WAS,C,29,780,646,136,0.211,244,30,0.123,402,106,0.264,302,10.4,0.2,0.234,0.35,9.0,187,71,0.38,215,35,0.163,244,30,0.123,58.1
2022,Kyrie Banchero,WAS,SG,29,675,652,139,0.213,225,29,0.129,427,110,0.258,307,10.6,0.204,0.235,0.35,7.3,175,47,0.269,252,63,0.25,225,29,0.129,45.9
2022,LeBron Mitchell,WAS,SF,29,656,605,112,0.185,192,35,0.182,413,77,0.186,259,8.9,0.188,0.214,0.35,8.2,194,40,0.206,219,37,0.169,192,35,0.182,54.3
2022,Jimmy Gobert,WAS,PF,57,1331,1298,251,0.193,450,56,0.124,848,195,0.23,558,9.8,0.186,0.215,0.35,9.0,416,106,0.255,432,89,0.206,450,56,0.124,59.8
2022,Stephen Tatum,WAS,SG,29,743,683,161,0.236,232,39,0.168,451,122,0.271,361,12.4,0.23,0.264,0.35,11.0,210,55,0.262,241,67,0.278,232,39,0.168,67.6
